10515.03,10895.94,11473.35,9676.78,11293.23,7840.17,10106.31,8898.06,9405.55,10845.89,12593.13,11121.30,9098.96,11782.76,11479.31,8149.01,11105.13,9193.32,8744.70,10507.25,12184.45,7529.27,8399.75,10895.82,10616.23,10151.67,12299.16,9920.24,10187.87,9840.56
10476.79,10870.69,11464.28,9644.89,11251.26,7798.24,10093.41,8872.91,9366.26,10804.53,12595.30,11102.81,9077.16,11762.71,11434.23,8141.10,11061.45,9151.18,8724.71,10467.69,12143.19,7498.07,8370.56,10885.94,10581.97,10141.87,12230.66,9892.37,10148.81,9833.30
10497.01,10842.43,11466.63,9612.66,11175.43,7773.24,10048.35,8845.60,9348.95,10763.09,12639.62,11050.05,9057.22,11670.82,11384.07,8134.50,11053.56,9104.42,8738.57,10415.59,12068.45,7464.11,8348.15,10867.21,10614.33,10153.98,12158.94,9842.35,10117.38,9782.28
10457.37,10824.23,11441.08,9625.31,11183.32,7757.54,10027.17,8816.98,9322.34,10744.53,12589.07,11012.25,9053.33,11689.59,11370.41,8095.01,11078.02,9078.15,8694.25,10399.68,12078.57,7444.97,8350.35,10845.41,10606.73,10147.89,12144.60,9834.96,10127.75,9772.99
10412.95,10841.09,11411.42,9636.63,11148.44,7734.54,10011.49,8801.20,9313.06,10772.07,12482.31,11046.54,9060.46,11698.25,11369.35,8073.57,11050.94,9060.75,8676.25,10414.88,12038.59,7442.76,8343.75,10802.42,10587.15,10092.51,12167.10,9836.75,10132.36,9727.81
10420.56,10777.00,11368.50,9625.84,11159.30,7708.90,9996.33,8805.08,9301.65,10712.33,12508.10,11074.42,9022.49,11647.67,11381.98,8079.60,11049.34,9062.25,8700.69,10422.45,12012.23,7437.48,8312.66,10820.92,10574.72,10094.40,12105.14,9778.11,10095.75,9722.76
10399.21,10802.34,11397.33,9611.76,11154.94,7731.70,10016.54,8821.70,9308.93,10727.08,12554.30,11013.39,9031.16,11627.85,11356.45,8097.38,11037.12,9086.38,8705.23,10386.66,12006.50,7441.11,8308.64,10857.35,10562.74,10124.21,12104.00,9805.14,10088.79,9724.81
10426.51,10807.76,11396.81,9637.72,11143.65,7751.20,9983.37,8798.59,9306.02,10666.62,12551.03,11029.39,9042.25,11614.48,11330.05,8090.14,11057.94,9077.55,8701.11,10375.74,11990.44,7430.39,8314.75,10860.20,10551.22,10142.99,12090.73,9797.36,10087.74,9737.65
10398.46,10805.05,11402.65,9638.92,11163.83,7715.43,10028.74,8791.83,9291.03,10690.23,12532.82,11013.98,9025.01,11652.16,11345.81,8059.00,11040.69,9054.54,8691.35,10390.99,12011.59,7415.20,8313.86,10830.74,10573.82,10112.75,12119.69,9766.72,10097.45,9719.53
10392.49,10825.48,11375.54,9632.70,11173.26,7697.00,10017.08,8795.61,9276.41,10718.25,12513.87,11048.64,9009.04,11616.40,11364.70,8054.23,11028.11,9065.80,8682.33,10394.18,12017.43,7414.11,8304.37,10813.98,10545.12,10054.59,12116.29,9772.54,10077.35,9730.91
10394.17,10836.49,11391.18,9598.79,11144.86,7710.96,10074.95,8829.81,9304.00,10714.25,12524.73,11003.10,9004.18,11654.90,11345.75,8085.33,11004.74,9082.62,8715.29,10377.31,12027.48,7432.84,8304.62,10853.39,10528.79,10117.25,12158.85,9824.88,10062.70,9721.63
10427.30,10819.66,11414.92,9616.30,11120.80,7728.33,10043.92,8809.22,9300.53,10660.71,12595.04,11043.41,9018.26,11629.24,11316.28,8079.40,11038.58,9082.92,8708.31,10371.53,12021.34,7435.33,8296.14,10849.69,10565.82,10132.88,12093.39,9796.70,10050.30,9727.47
10411.35,10805.30,11397.89,9630.45,11123.94,7724.16,10020.46,8789.21,9293.48,10703.24,12579.94,11012.08,9028.34,11644.90,11372.46,8081.90,11056.60,9067.22,8686.32,10405.05,12018.01,7413.95,8322.80,10818.69,10583.28,10124.80,12124.45,9800.26,10095.26,9715.28
10416.89,10835.55,11408.80,9651.25,11136.70,7739.99,10008.08,8793.99,9310.53,10767.81,12413.53,11020.82,9047.40,11648.87,11358.27,8090.03,11051.95,9077.49,8670.47,10407.89,12013.94,7425.43,8314.87,10828.58,10575.48,10081.01,12152.63,9832.06,10110.95,9733.99
10380.51,10802.67,11328.32,9624.27,11111.78,7676.78,9945.09,8766.40,9304.15,10750.91,11973.14,10912.77,9010.87,11618.60,11289.70,8088.69,10967.04,9079.80,8642.70,10375.08,11985.24,7419.54,8276.55,10756.56,10547.02,9976.66,12095.94,9808.28,10100.19,9710.28
10436.94,10849.62,11421.55,9614.98,11117.25,7744.08,10012.85,8829.10,9341.72,10701.57,12474.70,11098.70,9045.54,11612.56,11298.78,8115.54,11028.82,9062.58,8718.62,10362.91,12005.62,7460.71,8302.07,10854.68,10586.04,10118.40,12114.17,9851.34,10074.12,9735.98
10487.09,10870.38,11477.69,9633.64,11122.64,7772.44,10034.15,8846.91,9342.53,10692.70,12649.96,11076.54,9052.63,11603.90,11341.05,8120.75,11071.35,9084.74,8748.99,10386.29,12024.16,7486.15,8328.68,10897.06,10625.48,10178.34,12065.45,9854.81,10106.77,9768.79
10488.09,10865.66,11462.96,9657.52,11144.78,7777.69,10037.64,8853.89,9336.65,10782.67,12626.71,11116.68,9079.21,11643.26,11366.81,8132.71,11089.44,9094.65,8720.81,10447.65,12054.32,7491.18,8354.94,10863.22,10648.34,10147.75,12098.91,9871.84,10139.30,9792.15
10486.60,10880.79,11446.26,9687.21,11154.06,7769.19,10020.92,8852.69,9344.94,10810.71,12576.13,11111.78,9063.15,11658.15,11374.02,8117.18,11096.76,9084.78,8723.18,10463.76,12060.64,7500.97,8345.35,10873.41,10635.94,10141.52,12112.74,9874.03,10156.15,9780.71
10523.96,10869.64,11444.08,9649.31,11141.26,7767.34,10033.15,8850.41,9330.96,10773.16,12586.78,11095.90,9049.62,11593.02,11353.79,8129.68,11102.31,9119.01,8723.67,10428.84,12041.01,7506.96,8336.66,10883.45,10625.84,10145.14,12050.89,9859.77,10119.68,9799.85
10488.51,10865.93,11442.12,9635.88,11094.90,7776.77,10014.15,8839.56,9336.21,10723.55,12635.10,11096.15,9050.59,11606.25,11289.15,8110.07,11081.03,9082.01,8733.95,10397.94,12000.85,7519.63,8332.38,10876.67,10594.94,10175.25,12031.88,9851.86,10078.86,9791.09
10473.89,10864.34,11434.64,9644.74,11113.51,7772.76,10017.23,8830.57,9312.87,10768.62,12607.20,11107.70,9066.54,11605.58,11304.67,8108.89,11077.83,9075.00,8704.64,10407.71,12014.53,7500.01,8334.47,10830.32,10588.65,10134.66,12078.56,9862.57,10105.91,9774.42
10422.19,10856.53,11387.82,9640.93,11123.47,7741.28,9995.31,8805.20,9312.60,10757.50,12544.95,11090.83,9055.34,11645.62,11335.87,8098.56,11053.77,9058.74,8673.88,10407.52,12015.24,7502.71,8328.03,10819.06,10566.99,10128.32,12090.12,9832.50,10108.71,9747.82
10408.12,10846.16,11391.07,9648.65,11134.75,7727.41,10005.07,8820.53,9307.15,10764.53,12500.16,11103.37,9054.02,11642.12,11326.41,8089.73,11035.86,9055.10,8687.79,10400.20,11989.82,7495.97,8322.14,10825.41,10548.42,10084.10,12097.33,9822.28,10106.67,9759.28
10395.62,10829.20,11338.69,9611.23,11118.20,7719.23,9989.40,8819.28,9291.91,10745.81,12499.08,11027.59,9025.50,11589.43,11293.99,8090.68,11000.44,9067.27,8673.55,10387.52,11977.90,7492.54,8291.87,10832.76,10515.34,10086.23,12035.74,9816.82,10066.88,9753.07
10400.94,10811.42,11347.13,9595.15,11106.48,7715.22,9986.29,8815.02,9277.54,10684.64,12546.34,11067.94,9013.98,11592.33,11275.96,8077.26,11007.01,9049.15,8679.05,10363.53,11962.14,7487.75,8305.47,10838.92,10496.84,10077.50,12006.26,9815.12,10045.94,9753.91
10375.55,10804.20,11310.12,9590.41,11102.99,7695.67,9960.18,8794.84,9254.22,10687.52,12502.26,11027.84,9003.68,11571.45,11269.04,8053.46,10997.69,9050.96,8661.60,10338.81,11957.45,7469.64,8293.46,10772.10,10506.44,10058.69,11973.58,9805.83,10060.72,9735.00
10384.11,10816.40,11314.62,9599.29,11093.22,7678.29,9983.89,8796.50,9266.49,10716.17,12464.59,11014.51,9004.08,11594.08,11281.63,8062.43,11003.62,9033.32,8658.38,10345.03,11975.63,7475.17,8299.86,10797.27,10525.46,10048.59,12028.72,9803.22,10083.38,9735.24
10373.98,10843.02,11327.78,9619.82,11108.00,7675.22,9968.53,8813.86,9271.82,10748.31,12443.99,11047.49,9004.66,11619.14,11304.88,8082.85,11015.10,9040.25,8663.15,10379.31,11980.69,7472.47,8301.67,10795.79,10513.91,10011.46,12028.74,9816.83,10086.82,9737.77
10383.95,10868.95,11343.68,9617.60,11118.41,7685.56,9998.79,8839.67,9288.24,10775.42,12472.41,11072.68,9006.62,11612.61,11301.25,8121.15,11015.70,9094.07,8682.20,10377.17,12020.14,7498.46,8294.06,10831.32,10501.93,10048.23,12034.34,9845.91,10068.18,9765.56
10394.60,10865.33,11356.85,9611.06,11100.61,7707.00,9998.42,8828.78,9292.93,10714.36,12572.11,11044.98,9009.29,11612.80,11309.91,8120.80,11020.74,9080.67,8686.18,10367.40,11998.80,7489.91,8301.40,10824.90,10510.44,10083.82,12031.40,9851.19,10060.23,9750.42
10385.46,10840.85,11357.13,9635.84,11104.29,7708.80,10013.22,8815.79,9285.87,10770.51,12513.62,11044.07,9023.86,11635.25,11292.70,8087.82,11042.43,9059.01,8670.44,10388.99,12002.37,7477.91,8312.52,10814.07,10542.97,10086.89,12064.97,9858.32,10084.78,9750.13
10406.48,10849.24,11353.17,9631.29,11098.72,7698.77,9994.88,8812.32,9296.98,10786.00,12458.09,11037.02,9022.97,11658.05,11319.14,8102.17,11057.81,9065.63,8680.33,10402.78,12004.02,7471.41,8305.30,10814.56,10562.99,10073.76,12065.30,9851.71,10102.22,9758.31
10416.23,10850.96,11340.73,9638.33,11117.20,7699.36,9987.92,8829.89,9308.30,10770.80,12465.29,11026.98,9023.73,11639.66,11302.63,8105.51,11031.83,9074.76,8693.82,10404.49,11984.85,7480.58,8300.14,10836.72,10565.58,10053.42,12047.54,9868.76,10087.44,9763.21
10441.52,10864.86,11357.98,9620.53,11114.85,7714.48,10003.17,8839.49,9307.26,10730.93,12541.11,11037.49,9023.89,11616.52,11261.96,8121.72,11047.93,9089.62,8722.30,10375.22,11978.07,7485.04,8304.76,10855.76,10555.15,10059.92,12015.17,9884.33,10087.32,9756.02
10426.11,10842.83,11358.18,9611.66,11080.91,7717.79,10001.63,8812.52,9289.86,10717.26,12539.14,11026.50,9027.50,11593.77,11274.58,8115.95,11053.47,9078.09,8701.53,10343.53,11971.15,7475.59,8306.40,10842.10,10550.76,10075.90,11989.21,9874.25,10060.29,9747.05
10407.00,10807.22,11374.97,9619.80,11108.37,7715.30,9990.22,8795.53,9291.02,10747.42,12494.08,11024.74,9034.05,11623.25,11296.65,8073.19,11033.54,9044.25,8685.04,10376.11,11954.74,7486.90,8308.74,10810.46,10581.74,10055.68,11992.98,9816.11,10099.61,9743.38
10429.92,10829.30,11407.06,9633.86,11112.57,7725.50,9997.23,8812.50,9306.27,10747.93,12504.29,11078.90,9040.96,11609.84,11299.61,8086.84,11037.99,9049.53,8691.63,10377.13,11960.99,7491.75,8309.44,10824.01,10585.42,10056.09,12040.34,9819.30,10102.17,9746.03
10475.49,10835.23,11431.08,9656.41,11131.61,7712.67,9959.89,8829.37,9307.94,10745.27,12516.59,11088.88,9038.37,11602.45,11308.99,8100.80,11084.16,9061.93,8706.11,10403.27,11963.02,7487.71,8321.80,10844.26,10631.40,10045.78,11975.79,9819.04,10104.76,9767.53
10461.26,10847.03,11437.81,9608.03,11118.91,7739.37,9966.94,8841.22,9301.66,10719.22,12536.50,11080.58,9031.35,11601.67,11317.53,8109.34,11037.88,9086.43,8698.38,10409.56,11965.22,7490.84,8321.63,10849.05,10587.39,10052.83,12010.99,9828.08,10076.50,9763.33
10489.77,10828.82,11436.33,9589.40,11097.53,7736.34,9990.99,8845.09,9308.29,10718.26,12576.92,11046.07,9017.91,11554.11,11279.56,8121.52,11043.34,9087.42,8717.11,10379.95,11960.67,7468.88,8316.69,10880.11,10592.92,10099.76,11964.16,9818.14,10061.61,9758.11
10450.60,10818.38,11432.17,9616.87,11096.61,7741.72,9987.37,8817.17,9284.62,10719.78,12573.49,11069.32,9021.87,11585.59,11286.91,8099.02,11044.46,9070.99,8685.94,10382.61,11959.72,7453.55,8326.73,10808.82,10580.49,10094.46,12021.46,9804.78,10084.30,9752.20
10449.15,10814.07,11412.51,9642.28,11130.13,7732.70,9955.26,8818.76,9287.28,10762.42,12528.46,11052.78,9034.12,11599.15,11301.62,8100.24,11038.71,9075.52,8679.73,10404.12,11989.62,7443.35,8323.14,10828.55,10562.08,10076.01,12044.06,9795.81,10093.05,9762.84
10425.53,10849.23,11408.00,9663.49,11125.94,7727.35,9988.44,8829.80,9299.32,10798.06,12518.18,11110.17,9043.44,11630.71,11328.32,8115.33,11047.45,9078.95,8679.76,10433.20,11993.54,7439.21,8331.80,10836.51,10572.43,10070.05,12094.75,9844.97,10120.58,9772.13
10452.34,10863.69,11416.12,9641.66,11114.49,7746.96,9989.26,8836.79,9314.98,10761.18,12552.49,11104.60,9049.58,11611.45,11320.32,8119.30,11057.63,9089.13,8699.82,10424.53,12007.87,7444.00,8327.08,10856.13,10565.11,10103.73,12075.79,9848.52,10107.37,9792.86
10443.68,10850.13,11424.10,9619.19,11117.70,7757.79,10002.88,8838.84,9307.01,10786.61,12598.08,11063.78,9045.06,11594.99,11319.18,8148.98,11053.99,9093.51,8682.64,10388.02,12014.20,7439.98,8318.42,10851.41,10542.10,10124.30,12062.15,9869.48,10074.89,9766.63
10451.93,10853.48,11421.41,9635.49,11110.71,7765.74,9998.59,8832.33,9306.69,10771.02,12625.24,11094.92,9047.28,11622.76,11301.50,8134.92,11071.72,9092.94,8696.88,10412.30,12005.07,7444.25,8335.51,10853.60,10580.43,10147.43,12047.04,9837.73,10105.32,9790.74
10432.31,10858.03,11445.44,9660.02,11136.37,7751.87,10018.06,8834.16,9313.98,10781.10,12576.13,11089.64,9053.26,11642.41,11343.85,8139.96,11053.83,9092.19,8670.84,10432.42,12003.18,7447.34,8342.04,10830.01,10585.22,10136.89,12100.22,9868.80,10120.01,9787.62
10439.74,10859.14,11429.43,9647.78,11140.52,7764.65,10021.24,8850.39,9312.54,10752.38,12598.26,11094.42,9060.33,11620.08,11314.03,8132.02,11068.61,9089.63,8691.58,10424.67,12015.26,7435.50,8328.80,10848.35,10584.44,10095.47,12067.61,9862.02,10114.74,9785.48
10446.10,10842.57,11426.23,9638.04,11114.63,7780.07,9976.09,8847.75,9319.47,10778.52,12588.20,11104.97,9055.55,11613.98,11331.09,8142.46,11052.84,9096.33,8694.31,10406.36,11991.75,7454.77,8325.81,10856.68,10573.29,10100.62,12049.91,9871.06,10089.92,9801.55
10455.72,10862.50,11403.53,9619.00,11103.39,7763.46,9984.51,8841.30,9307.19,10735.66,12636.77,11098.60,9044.18,11604.37,11275.74,8118.38,11031.58,9062.03,8688.95,10384.42,11961.49,7449.14,8327.21,10858.50,10575.65,10113.66,12007.52,9818.56,10083.40,9792.21
10418.02,10848.91,11385.47,9617.60,11110.88,7746.71,9976.13,8816.44,9274.16,10732.10,12556.48,11056.74,9030.37,11616.91,11282.65,8099.69,11025.73,9047.51,8669.86,10383.49,11961.91,7433.06,8322.43,10837.64,10587.00,10074.25,11988.16,9831.73,10091.66,9781.27
10412.83,10820.10,11343.76,9631.39,11113.47,7727.61,9964.38,8795.71,9261.07,10743.53,12511.75,11075.56,9028.39,11597.49,11313.13,8087.64,11041.07,9053.92,8657.25,10373.35,11952.50,7424.79,8324.09,10787.79,10561.55,10054.60,11989.36,9813.88,10079.09,9765.08
10419.55,10827.09,11341.61,9609.13,11094.12,7728.39,9959.88,8815.18,9253.54,10729.95,12522.14,11075.66,9015.41,11571.09,11276.60,8089.80,11011.65,9075.50,8647.60,10372.03,11947.16,7425.15,8308.11,10804.30,10555.51,10054.44,11951.31,9824.07,10066.00,9772.23
10412.38,10816.99,11374.71,9615.93,11105.15,7730.58,9968.36,8810.18,9256.01,10737.16,12575.64,11038.76,9015.30,11565.14,11279.74,8101.51,11046.32,9081.92,8663.34,10368.35,11954.50,7426.21,8315.02,10815.11,10561.81,10075.46,11990.45,9825.45,10074.44,9775.05
10378.89,10786.35,11352.01,9637.64,11088.13,7702.46,9901.21,8801.18,9250.23,10634.89,12395.17,11016.82,8993.25,11601.36,11266.00,8079.05,11072.55,9062.25,8642.44,10394.89,11946.32,7416.58,8315.97,10789.26,10546.16,9994.61,11973.12,9803.77,10066.75,9775.89
10356.65,10790.75,11315.00,9663.78,11098.14,7666.56,9886.17,8770.42,9241.08,10687.87,12221.72,11046.05,8970.73,11615.89,11273.67,8076.31,11060.29,9060.50,8632.63,10407.78,11962.06,7399.54,8288.24,10736.95,10544.44,9909.44,11965.26,9768.63,10110.07,9730.65
10380.42,10826.71,11333.65,9637.88,11116.94,7678.39,9906.67,8810.35,9262.00,10685.81,12290.45,11090.03,8997.53,11628.73,11290.59,8102.66,11061.21,9085.30,8671.21,10414.78,11979.51,7432.81,8300.15,10772.20,10561.91,9947.29,11963.64,9810.78,10108.32,9755.46
10415.82,10813.17,11371.95,9639.93,11118.26,7694.88,9925.55,8825.63,9289.12,10633.68,12398.86,11069.33,8999.16,11604.56,11251.10,8124.38,11065.32,9089.07,8683.78,10387.81,11993.05,7442.09,8295.73,10839.92,10564.59,9992.06,11955.06,9814.04,10099.72,9793.53
10420.44,10856.60,11378.32,9648.00,11128.81,7693.26,9987.43,8827.12,9289.39,10631.16,12335.88,11096.62,8992.51,11641.61,11273.43,8122.28,11070.82,9078.77,8675.53,10430.91,11990.75,7453.62,8309.62,10786.50,10571.66,9997.39,11967.64,9841.07,10129.40,9788.01
10403.99,10848.91,11379.70,9656.85,11126.25,7687.55,9944.77,8823.43,9274.19,10642.57,12304.38,11116.91,9010.49,11628.83,11276.17,8122.51,11073.68,9086.51,8662.90,10431.23,11987.52,7439.48,8317.40,10780.62,10581.57,9973.57,11956.22,9839.97,10138.28,9783.08
10410.00,10843.68,11388.70,9684.22,11121.61,7699.37,9990.10,8826.60,9291.75,10659.82,12282.35,11060.61,9019.56,11658.54,11302.17,8120.10,11083.54,9085.33,8669.57,10455.58,11984.79,7449.69,8324.66,10785.85,10595.06,9971.86,11975.44,9863.32,10158.54,9785.46
10431.90,10864.65,11374.42,9668.55,11129.61,7703.24,9998.22,8833.72,9290.00,10664.12,12412.84,11133.37,9021.68,11648.41,11293.32,8134.26,11085.43,9093.69,8679.06,10432.04,12004.29,7452.32,8328.42,10813.19,10563.47,10002.97,11934.50,9863.91,10156.14,9804.63
10423.53,10849.91,11370.47,9678.97,11119.77,7694.29,9946.88,8808.79,9264.64,10635.91,12365.94,11097.49,9023.12,11629.60,11259.29,8107.74,11079.20,9083.50,8667.75,10424.98,11991.91,7445.99,8318.15,10778.34,10570.17,10004.56,11935.46,9831.90,10144.32,9798.97
10417.16,10874.84,11349.33,9679.65,11128.95,7698.21,9978.19,8796.09,9269.45,10699.71,12309.11,11093.05,9016.70,11661.11,11302.26,8123.95,11086.36,9073.13,8666.06,10429.71,12001.67,7447.09,8327.17,10781.93,10584.87,9969.22,11948.26,9865.93,10171.04,9795.69
10404.31,10865.78,11305.23,9685.55,11138.81,7681.51,9911.78,8791.64,9254.99,10708.49,12248.50,11108.62,9009.80,11663.98,11281.29,8110.10,11062.75,9066.29,8649.30,10428.82,12000.91,7438.53,8325.72,10744.26,10569.01,9931.91,11957.08,9856.66,10164.45,9782.11
10388.18,10875.78,11312.09,9668.65,11138.16,7660.29,9935.36,8809.23,9265.14,10709.07,12177.43,11072.57,9005.72,11663.08,11274.20,8123.31,11029.35,9086.53,8661.66,10425.83,12007.74,7446.28,8314.13,10758.76,10537.09,9921.75,11964.52,9866.65,10166.70,9779.86
10408.45,10852.05,11314.21,9640.36,11139.34,7670.25,9975.74,8816.28,9263.55,10641.35,12325.67,11067.99,8987.81,11632.29,11272.61,8125.76,11063.27,9100.18,8674.41,10403.29,12004.05,7453.28,8316.83,10801.40,10544.31,9959.95,11918.32,9854.60,10141.81,9787.57
10393.46,10824.43,11320.80,9640.08,11099.20,7672.32,9947.69,8794.35,9247.05,10624.43,12327.28,11051.07,8987.74,11635.22,11246.35,8103.37,11056.71,9067.99,8654.23,10390.79,11951.06,7435.96,8304.23,10777.46,10524.85,9955.29,11927.60,9833.32,10112.39,9764.93
10383.21,10878.38,11306.02,9651.43,11117.86,7664.02,9965.60,8779.77,9248.34,10663.56,12205.55,11057.40,8982.96,11648.78,11280.91,8120.48,11058.99,9080.05,8639.43,10418.85,11977.93,7429.75,8324.07,10764.68,10541.23,9939.23,11973.97,9852.69,10151.65,9777.97
10374.18,10854.65,11313.68,9641.86,11120.09,7660.02,9950.45,8798.21,9264.78,10645.06,12245.37,11087.47,8985.53,11648.18,11300.33,8116.39,11047.71,9088.85,8653.13,10416.96,11989.55,7437.05,8322.12,10748.38,10534.28,9949.18,11969.70,9851.47,10160.38,9771.05
10373.01,10896.74,11321.32,9649.62,11133.54,7658.01,9960.40,8820.04,9267.88,10652.07,12253.06,11069.81,8985.40,11633.23,11290.55,8135.03,11068.03,9089.66,8657.22,10428.77,12011.88,7444.06,8314.18,10765.75,10532.07,9939.17,11957.11,9859.47,10132.56,9776.17
10404.15,10884.49,11364.51,9660.07,11132.47,7675.25,9985.56,8821.34,9278.54,10647.47,12329.15,11100.30,9001.30,11644.36,11303.10,8155.32,11080.91,9108.91,8684.04,10429.61,12016.86,7460.44,8320.92,10767.84,10558.90,9997.52,11971.84,9872.57,10139.38,9783.45
10390.74,10842.89,11349.84,9674.68,11119.50,7679.96,9964.20,8812.86,9270.21,10632.09,12272.40,11060.19,9014.36,11660.65,11294.56,8140.26,11068.84,9098.44,8669.14,10431.65,12017.35,7452.04,8334.71,10778.62,10567.97,9990.51,11994.21,9866.64,10167.27,9792.39
10396.85,10859.02,11336.14,9700.30,11139.76,7672.93,9939.16,8814.55,9273.24,10692.87,12196.94,11057.44,9010.50,11685.74,11328.65,8117.86,11072.95,9089.23,8663.98,10452.60,12020.12,7438.52,8323.39,10766.04,10580.51,9953.83,12003.51,9858.29,10170.89,9779.77
10399.95,10860.93,11332.72,9696.88,11160.45,7661.86,9958.64,8815.84,9272.86,10638.62,12230.81,11096.60,9007.56,11671.72,11331.09,8109.03,11088.87,9085.26,8676.22,10454.26,11993.84,7452.66,8322.80,10756.54,10567.05,9935.75,12014.16,9839.72,10155.08,9768.68
10410.28,10860.00,11352.25,9665.65,11159.42,7676.29,9969.92,8843.75,9277.72,10653.92,12334.70,11077.71,8997.90,11656.96,11299.55,8143.98,11075.31,9117.76,8696.07,10449.50,12036.99,7464.72,8319.46,10792.29,10552.99,9995.40,11999.11,9856.62,10162.37,9789.31
10438.69,10848.87,11368.76,9637.83,11123.43,7683.97,10003.09,8849.85,9288.92,10618.97,12473.08,11077.74,9006.97,11601.54,11262.30,8122.77,11079.54,9108.60,8709.16,10398.83,11992.45,7463.89,8325.72,10843.62,10552.61,10051.27,11976.75,9844.21,10120.96,9799.05
10436.22,10820.14,11397.28,9653.71,11128.10,7686.80,10001.92,8819.10,9283.36,10625.35,12473.40,11096.81,9007.67,11642.63,11279.66,8092.37,11076.81,9092.36,8679.14,10404.12,12004.91,7449.82,8320.84,10817.96,10599.54,10041.51,11996.67,9827.12,10133.16,9772.32
10423.38,10860.55,11409.20,9677.10,11133.48,7694.62,10009.75,8818.19,9302.43,10680.83,12377.09,11081.10,9026.97,11673.62,11301.83,8105.97,11071.33,9094.60,8675.95,10450.05,12025.59,7447.09,8337.95,10798.48,10619.98,10027.95,12050.16,9850.37,10154.26,9780.76
10439.14,10879.70,11433.27,9687.31,11150.39,7709.67,10015.20,8844.71,9312.49,10740.35,12358.68,11106.64,9025.21,11666.32,11335.86,8129.99,11090.38,9093.75,8693.61,10464.79,12029.91,7460.73,8334.63,10796.74,10616.96,10012.40,12092.05,9857.67,10148.87,9778.09
10480.24,10857.13,11472.73,9662.75,11163.26,7725.03,10024.81,8869.67,9336.76,10712.36,12474.76,11160.15,9039.97,11656.71,11327.69,8139.93,11079.48,9138.27,8710.78,10434.93,12039.48,7481.65,8330.93,10871.82,10616.02,10062.94,12045.87,9884.54,10143.72,9824.86
10503.43,10834.79,11475.00,9644.10,11129.70,7741.21,10033.66,8852.60,9325.94,10688.96,12522.89,11144.72,9039.70,11634.40,11318.58,8137.69,11093.72,9125.11,8719.04,10434.12,12023.49,7468.70,8321.59,10877.79,10630.04,10086.17,12037.79,9877.72,10115.01,9788.85
10490.90,10860.72,11462.67,9683.76,11137.11,7762.61,9987.86,8845.17,9323.57,10694.84,12515.60,11138.29,9058.54,11654.58,11320.82,8131.39,11110.05,9106.58,8715.60,10444.56,12002.70,7472.88,8348.92,10840.18,10649.96,10109.45,12005.20,9863.63,10124.23,9806.46
10464.49,10860.62,11430.49,9691.33,11136.12,7754.03,9976.19,8826.63,9309.93,10740.27,12448.23,11166.40,9056.45,11670.35,11303.57,8092.81,11120.29,9082.32,8684.27,10448.84,11985.23,7460.30,8336.82,10817.81,10651.06,10051.44,12028.58,9830.43,10123.38,9796.23
10460.54,10872.43,11416.10,9670.50,11117.93,7740.15,9979.93,8824.83,9286.19,10749.56,12456.16,11188.89,9028.16,11639.23,11308.53,8095.77,11106.23,9078.56,8686.80,10444.54,11987.91,7469.50,8340.21,10820.30,10617.64,10036.94,12026.63,9826.63,10123.70,9805.86
10475.65,10870.73,11421.50,9666.39,11130.05,7747.73,9973.55,8840.84,9288.31,10716.36,12521.05,11155.88,9027.19,11615.75,11302.45,8122.57,11080.94,9104.06,8698.04,10428.97,11978.20,7473.63,8337.82,10858.50,10618.68,10040.68,11955.91,9832.36,10122.28,9820.90
10469.38,10857.96,11433.92,9652.48,11118.35,7751.41,9979.12,8835.64,9293.50,10719.53,12527.27,11153.94,9037.46,11625.15,11287.03,8118.31,11099.78,9093.16,8700.15,10404.54,11975.46,7475.60,8343.44,10852.65,10610.75,10078.37,11971.93,9841.83,10100.62,9823.16
10472.02,10875.43,11428.12,9664.68,11125.09,7761.60,9969.64,8845.76,9293.98,10715.06,12542.83,11145.45,9058.37,11651.75,11316.23,8110.14,11099.49,9084.68,8690.03,10433.35,11985.83,7465.69,8351.50,10854.57,10608.95,10074.78,11990.44,9844.26,10125.24,9804.16
10455.40,10852.69,11403.92,9675.37,11120.07,7730.20,9958.44,8839.15,9281.81,10735.77,12489.95,11193.16,9046.96,11650.79,11322.00,8115.23,11113.93,9077.01,8686.82,10443.22,11989.25,7452.51,8328.50,10847.17,10615.21,10032.44,12000.29,9831.59,10133.32,9784.51
10429.93,10852.22,11382.50,9660.71,11121.77,7710.16,9951.57,8834.52,9279.31,10730.13,12445.20,11156.57,9027.10,11634.35,11325.00,8115.16,11095.10,9069.52,8681.30,10428.84,12005.55,7453.34,8324.17,10823.76,10581.99,9999.18,12000.76,9830.58,10125.80,9798.74
10452.84,10846.89,11403.87,9637.38,11113.60,7713.29,10006.10,8835.18,9286.58,10689.03,12515.92,11120.93,9034.55,11617.90,11280.37,8126.15,11072.79,9097.61,8692.52,10400.68,11978.07,7454.33,8316.24,10848.18,10573.43,10062.57,11979.03,9859.92,10101.83,9794.36
10462.80,10819.20,11406.64,9625.99,11104.87,7716.86,9982.41,8837.37,9293.91,10677.36,12574.39,11104.72,9024.95,11606.78,11269.14,8120.96,11078.58,9076.27,8698.36,10395.71,11976.62,7445.09,8316.25,10866.14,10570.24,10065.56,11968.18,9839.29,10076.87,9780.03
10444.45,10827.23,11368.49,9635.04,11104.22,7684.97,9969.68,8809.74,9270.81,10671.60,12505.45,11116.22,9020.36,11640.49,11280.29,8098.45,11076.80,9077.40,8666.11,10390.66,12000.51,7429.10,8312.72,10802.97,10567.64,10056.06,12004.77,9833.18,10105.86,9767.67
10427.31,10816.66,11365.46,9652.44,11098.92,7686.15,9976.95,8819.99,9276.10,10700.71,12427.57,11091.68,9021.08,11617.10,11314.26,8094.69,11069.30,9061.81,8663.00,10400.44,11988.70,7427.56,8307.11,10814.64,10564.66,10019.40,12002.35,9830.06,10107.21,9761.19
10415.95,10837.22,11373.61,9633.97,11110.09,7690.04,9986.11,8828.28,9280.17,10672.91,12458.87,11117.49,9012.55,11605.42,11287.55,8115.38,11067.93,9083.52,8680.33,10394.32,11995.77,7429.33,8295.13,10825.91,10565.79,10022.21,11979.23,9821.15,10092.43,9773.24
10427.24,10833.07,11381.67,9621.07,11106.96,7692.63,10001.25,8823.62,9283.05,10673.85,12490.86,11097.92,9004.51,11598.14,11293.88,8122.15,11069.24,9094.53,8690.04,10406.85,12012.29,7430.05,8297.10,10828.41,10547.01,10028.21,11999.34,9824.31,10094.12,9786.43
10434.13,10817.05,11406.63,9641.83,11100.82,7707.17,9984.16,8816.21,9297.58,10677.71,12477.48,11063.62,9021.13,11628.69,11293.26,8100.45,11076.15,9096.56,8698.12,10413.78,12005.03,7430.17,8315.39,10821.60,10576.37,10048.35,12033.80,9803.05,10108.89,9775.95
10407.93,10829.30,11374.29,9658.41,11099.38,7667.88,9996.51,8809.24,9279.97,10732.90,12359.06,11100.70,9002.47,11643.05,11331.61,8093.78,11080.36,9093.68,8677.48,10426.61,12028.46,7417.67,8292.95,10772.28,10580.38,9976.42,12024.45,9810.01,10131.76,9775.70
10436.47,10821.14,11405.45,9647.25,11128.80,7688.80,10006.05,8837.25,9308.70,10734.18,12419.83,11117.39,9001.76,11645.00,11315.81,8128.13,11066.88,9117.93,8710.15,10412.92,12037.73,7437.15,8300.86,10805.69,10581.31,10021.96,12049.35,9822.40,10113.88,9782.12
10460.00,10849.07,11457.41,9644.48,11102.93,7711.21,10006.93,8862.29,9331.07,10678.18,12503.74,11110.05,9022.12,11656.88,11292.62,8147.34,11061.02,9125.81,8733.75,10397.84,12045.93,7464.69,8319.18,10850.37,10604.85,10059.18,12025.31,9852.76,10100.16,9792.00
10462.61,10842.00,11483.10,9665.40,11142.52,7730.96,10053.19,8853.11,9317.61,10706.92,12500.34,11127.84,9027.83,11680.68,11321.15,8138.53,11085.75,9150.46,8724.23,10409.27,12076.72,7461.60,8358.84,10846.96,10621.22,10079.45,12048.42,9875.06,10117.01,9808.97
10475.59,10841.95,11494.17,9670.26,11146.45,7716.63,10008.60,8818.95,9311.59,10749.69,12425.38,11163.12,9026.37,11704.31,11313.65,8097.27,11106.02,9120.57,8697.62,10424.84,12058.40,7449.69,8360.66,10829.96,10634.63,10044.70,12082.97,9848.63,10121.96,9790.84
10482.27,10849.02,11463.49,9665.27,11151.12,7712.21,9982.64,8832.35,9313.36,10740.53,12442.19,11154.73,9025.81,11676.74,11317.37,8113.02,11090.56,9117.68,8711.69,10445.28,12050.13,7469.27,8354.83,10837.27,10614.38,10026.45,12060.98,9866.58,10114.28,9792.63
10507.49,10859.72,11483.82,9660.83,11139.41,7729.69,10020.19,8844.79,9314.51,10706.28,12501.28,11157.56,9023.79,11650.50,11290.89,8125.92,11088.25,9113.75,8739.45,10428.79,12029.01,7477.11,8372.63,10860.31,10617.81,10067.53,12008.16,9855.85,10111.29,9803.03
10512.49,10868.66,11493.44,9654.44,11108.50,7744.35,10011.04,8840.44,9307.74,10697.69,12506.82,11121.88,9037.97,11669.02,11298.34,8125.63,11080.88,9104.01,8727.28,10433.62,12015.36,7480.25,8381.68,10872.57,10621.31,10073.03,12021.63,9836.05,10103.41,9811.59
10494.79,10825.20,11461.70,9678.88,11110.29,7728.15,9972.00,8814.63,9300.77,10716.28,12451.00,11114.77,9049.72,11684.35,11295.67,8094.18,11113.96,9083.87,8682.58,10458.15,12018.86,7464.17,8392.15,10840.39,10625.66,10068.11,12060.39,9834.96,10127.22,9801.20
10468.85,10811.76,11438.45,9688.81,11133.97,7710.44,9990.58,8813.76,9282.14,10737.44,12394.43,11131.81,9047.63,11676.62,11318.76,8086.62,11094.27,9088.04,8688.64,10435.88,11998.19,7461.80,8374.96,10804.93,10603.60,10010.06,12037.78,9848.07,10129.65,9795.82
10475.02,10840.06,11438.40,9661.44,11136.67,7702.90,9974.50,8828.23,9299.80,10702.66,12467.97,11108.74,9047.40,11657.98,11286.28,8112.31,11077.81,9114.37,8711.09,10430.28,12001.55,7476.73,8376.17,10833.44,10588.69,10038.94,11992.65,9837.11,10126.35,9783.42
10460.87,10819.20,11434.71,9644.67,11113.02,7718.00,9973.19,8826.70,9288.12,10687.39,12487.85,11093.52,9041.14,11657.88,11269.57,8114.00,11067.07,9099.07,8693.00,10411.18,11979.31,7480.70,8373.66,10855.90,10576.91,10054.72,11986.88,9832.67,10090.41,9780.51
10445.72,10823.60,11417.62,9677.79,11139.78,7714.37,9955.78,8809.39,9281.06,10722.75,12437.29,11120.82,9058.62,11663.99,11312.99,8097.39,11082.53,9090.98,8685.11,10424.42,11996.05,7465.86,8374.69,10822.15,10584.08,10053.78,12024.18,9849.12,10121.15,9792.93
10428.83,10807.82,11418.58,9676.00,11139.80,7696.89,9978.87,8811.51,9289.20,10738.72,12402.04,11115.53,9054.21,11681.54,11297.62,8093.12,11080.39,9092.38,8686.42,10435.65,11999.61,7451.12,8367.13,10805.28,10600.25,10004.97,12052.49,9826.88,10130.49,9783.80
10427.59,10814.80,11387.32,9666.06,11138.65,7685.34,9969.80,8817.82,9285.81,10724.78,12352.01,11094.38,9023.45,11666.25,11333.63,8107.10,11058.65,9102.39,8693.00,10443.03,11996.52,7463.28,8347.65,10804.34,10583.75,9982.92,12054.90,9832.00,10117.10,9759.46
10444.67,10831.52,11406.51,9648.99,11129.75,7684.15,9940.69,8825.45,9291.04,10666.13,12399.88,11066.67,9001.40,11640.22,11274.12,8131.47,11065.93,9124.24,8711.94,10415.65,12003.99,7475.31,8341.05,10832.98,10569.08,9992.44,11997.78,9854.12,10088.91,9772.50
10450.56,10821.34,11432.22,9641.71,11127.28,7713.25,9959.45,8836.57,9299.44,10645.86,12484.45,11093.46,9023.55,11650.84,11267.78,8129.64,11050.67,9102.21,8718.84,10419.14,11998.91,7475.05,8341.28,10841.22,10586.77,10047.16,12021.49,9868.26,10094.67,9777.55
10436.01,10810.06,11443.07,9654.38,11127.61,7690.68,9968.94,8821.99,9284.74,10698.05,12445.27,11102.91,9022.41,11688.48,11290.83,8104.67,11075.45,9096.62,8670.63,10420.88,12007.39,7451.97,8349.87,10802.29,10589.02,10031.41,12057.47,9832.98,10096.34,9788.25
10438.12,10828.20,11434.70,9685.43,11148.02,7697.58,9939.01,8828.02,9296.56,10727.14,12396.84,11090.22,9040.81,11685.46,11347.84,8095.20,11094.71,9104.93,8677.88,10457.02,12017.28,7432.56,8344.28,10799.06,10615.77,9987.83,12071.82,9839.48,10111.91,9765.17
10435.36,10810.95,11438.28,9674.07,11148.72,7686.38,9945.52,8807.95,9299.80,10732.57,12365.49,11109.23,9028.94,11688.08,11330.98,8102.66,11087.30,9100.34,8683.09,10461.11,12024.04,7440.85,8326.42,10806.89,10603.89,10002.66,12054.84,9845.55,10124.71,9778.66
10451.65,10838.96,11408.77,9645.56,11127.96,7688.89,9950.43,8820.60,9279.92,10689.08,12412.64,11085.19,8996.72,11659.23,11292.72,8110.08,11052.71,9087.49,8686.14,10411.58,12014.48,7447.46,8305.69,10803.93,10566.18,10017.86,12008.52,9828.47,10087.84,9770.49
10448.45,10849.29,11390.21,9646.30,11104.93,7702.28,9965.01,8819.94,9266.37,10695.88,12453.92,11068.52,9006.24,11648.72,11313.06,8101.01,11076.73,9074.90,8682.60,10413.56,11997.48,7440.54,8315.06,10827.48,10574.19,10031.99,12014.39,9811.30,10095.68,9781.73
10435.99,10820.61,11384.57,9659.58,11133.43,7680.74,9961.67,8791.05,9254.90,10717.82,12394.45,11120.96,9005.02,11677.29,11304.20,8088.81,11080.83,9071.01,8660.91,10422.67,12023.09,7427.75,8334.95,10801.05,10585.49,10006.17,12008.16,9820.50,10121.42,9789.38
10414.11,10829.83,11381.16,9677.11,11121.36,7671.71,9931.26,8793.31,9276.23,10741.32,12329.37,11094.59,9018.59,11670.36,11329.71,8076.50,11058.40,9073.55,8667.29,10439.98,12020.59,7426.77,8342.02,10790.09,10581.67,9997.08,12019.88,9821.19,10143.92,9771.74
10416.19,10831.44,11392.95,9657.22,11118.90,7673.79,9977.98,8821.65,9285.01,10727.06,12344.53,11102.29,9021.29,11657.31,11320.41,8101.66,11045.77,9072.26,8676.64,10407.70,12006.89,7440.37,8328.42,10797.50,10561.13,9985.34,12063.15,9832.52,10125.63,9763.29
10445.95,10829.73,11437.97,9638.44,11131.67,7691.29,9980.27,8830.48,9299.28,10698.29,12433.21,11095.31,9018.76,11650.14,11323.87,8105.72,11072.45,9056.62,8694.69,10413.42,11996.56,7447.29,8316.07,10840.35,10570.29,10039.96,12030.44,9827.26,10099.61,9759.92
10437.55,10783.49,11414.62,9639.52,11113.44,7686.74,9943.22,8798.06,9265.46,10732.82,12405.79,11111.64,9020.76,11652.67,11316.47,8084.70,11062.00,9054.57,8660.63,10435.21,12010.48,7421.23,8323.81,10791.99,10571.95,10005.03,12038.33,9813.25,10104.93,9749.14
10428.89,10785.88,11399.35,9650.89,11131.24,7685.10,9922.46,8796.03,9278.38,10727.79,12288.64,11086.76,9011.20,11659.55,11321.62,8074.34,11054.47,9058.10,8646.48,10445.38,11976.80,7418.55,8306.34,10786.89,10570.40,9977.92,12040.38,9805.31,10097.60,9739.15
10419.87,10812.37,11364.52,9635.69,11139.94,7665.88,9961.50,8802.44,9277.76,10704.90,12315.59,11071.65,9003.62,11655.11,11309.26,8094.51,11034.87,9061.96,8666.86,10435.44,12006.68,7434.22,8296.13,10790.54,10543.22,10005.46,12030.42,9824.15,10091.44,9751.07
10433.38,10811.67,11388.39,9606.84,11111.56,7678.81,9939.82,8824.66,9288.20,10685.97,12395.97,11062.61,9006.10,11643.05,11278.74,8101.23,11028.77,9058.19,8685.53,10404.51,11989.06,7442.53,8291.29,10818.31,10534.50,10013.02,12019.00,9820.30,10061.52,9748.83
10427.59,10803.69,11362.26,9622.28,11098.03,7671.45,9925.38,8791.08,9264.16,10658.78,12406.95,11089.55,8992.72,11634.00,11274.03,8080.10,11043.45,9064.71,8653.95,10389.48,11979.47,7429.44,8279.22,10788.75,10533.89,10001.53,11984.22,9813.10,10071.62,9748.60
10406.48,10803.35,11343.28,9637.16,11102.30,7655.01,9898.70,8775.89,9258.51,10709.94,12271.21,11058.98,8980.75,11655.43,11338.58,8070.82,11050.86,9046.92,8632.38,10406.44,11985.37,7415.63,8284.27,10740.70,10552.02,9967.66,12045.55,9828.35,10093.31,9723.85
10400.07,10835.03,11317.19,9633.90,11098.18,7655.98,9928.14,8783.44,9259.71,10730.01,12250.15,11039.77,8967.63,11628.27,11316.74,8077.10,11027.94,9059.07,8640.18,10410.67,11983.88,7418.36,8298.25,10722.28,10543.31,9928.35,12008.01,9809.24,10093.49,9724.94
10391.90,10825.00,11333.25,9619.27,11092.01,7638.70,9941.66,8775.85,9254.06,10669.83,12284.11,11074.74,8947.86,11575.73,11278.90,8074.16,11022.58,9057.79,8655.89,10403.19,11973.46,7418.50,8271.95,10755.25,10534.70,9921.94,11980.69,9802.29,10063.52,9716.03
10400.07,10797.01,11367.58,9597.13,11076.14,7646.45,9959.06,8792.37,9266.35,10679.27,12336.62,11035.07,8959.15,11571.04,11301.78,8089.76,11029.24,9063.09,8678.93,10389.41,11972.90,7427.88,8270.07,10784.55,10534.92,9940.60,11963.12,9808.12,10049.06,9719.05
10401.26,10822.92,11365.30,9596.85,11067.18,7659.32,9973.20,8784.63,9258.36,10659.36,12339.99,10999.15,8978.10,11551.19,11322.56,8073.20,11050.07,9061.16,8666.43,10404.04,11965.68,7411.99,8278.43,10772.86,10562.72,9951.29,11969.96,9790.19,10061.62,9715.20
10392.96,10804.18,11357.52,9613.59,11082.13,7653.76,9925.95,8770.08,9257.68,10692.14,12275.78,11034.51,8973.86,11596.33,11322.08,8065.35,11044.85,9058.80,8637.73,10405.81,11970.46,7404.66,8283.01,10728.31,10547.92,9928.06,12050.35,9809.46,10078.35,9705.10
10402.57,10812.80,11361.71,9632.56,11104.89,7647.59,9916.94,8788.47,9276.26,10674.43,12277.49,11057.64,8982.52,11617.29,11357.15,8070.98,11058.12,9063.29,8669.19,10423.01,11975.94,7406.51,8279.34,10758.86,10563.34,9925.76,11988.87,9779.06,10083.25,9717.70
10412.81,10834.78,11398.74,9620.34,11115.75,7649.74,9942.66,8815.78,9281.66,10679.62,12314.90,11076.16,8984.93,11615.54,11339.16,8099.48,11055.85,9081.91,8686.68,10429.72,11992.83,7420.35,8271.23,10785.71,10554.00,9960.95,11986.23,9797.26,10073.26,9725.44
10446.25,10818.30,11426.58,9625.35,11125.76,7682.24,9943.80,8820.11,9302.08,10664.75,12394.06,11080.26,8999.33,11638.73,11336.25,8097.60,11050.34,9080.91,8709.33,10411.82,12000.28,7426.30,8291.75,10821.06,10569.93,9993.30,12037.58,9835.43,10059.30,9722.18
10435.48,10825.74,11409.39,9640.29,11117.17,7672.84,9955.41,8807.12,9278.22,10645.16,12335.33,11068.90,9019.91,11658.85,11346.66,8094.15,11050.02,9088.76,8679.80,10416.30,12007.36,7418.11,8293.11,10792.85,10578.54,10011.54,12021.08,9848.82,10106.48,9743.01
10411.66,10797.82,11379.77,9660.47,11134.78,7675.46,9915.26,8786.95,9276.88,10721.73,12328.91,11102.31,9015.72,11660.04,11356.00,8087.40,11061.02,9091.67,8657.07,10435.26,12010.58,7422.49,8288.04,10765.66,10569.90,9960.27,12071.65,9831.72,10098.56,9717.65
10410.12,10807.38,11380.68,9662.40,11154.83,7666.27,9945.89,8786.03,9283.28,10675.81,12362.10,11110.55,9009.85,11639.79,11332.05,8097.51,11066.85,9102.28,8678.98,10437.80,12037.58,7433.53,8297.97,10758.49,10574.85,9983.30,12058.11,9834.43,10103.07,9738.49
10396.18,10810.31,11368.74,9632.21,11143.64,7657.44,9941.25,8804.35,9283.48,10631.86,12326.67,11056.76,8995.02,11645.29,11302.85,8105.52,11045.56,9093.87,8678.93,10409.29,12015.49,7436.88,8288.32,10773.86,10551.02,10002.07,12035.28,9840.18,10087.33,9732.43
10409.77,10804.49,11377.56,9629.34,11120.22,7668.26,9988.90,8784.42,9281.54,10627.52,12392.09,11042.42,9000.88,11623.93,11313.16,8104.96,11040.55,9090.69,8682.79,10392.97,11999.15,7446.15,8299.24,10779.93,10569.87,10016.92,12019.70,9827.53,10090.82,9740.57
10393.79,10827.34,11373.79,9641.80,11125.17,7655.66,9963.68,8788.35,9263.80,10619.76,12286.22,11071.88,8998.46,11622.52,11303.65,8112.58,11041.90,9088.86,8663.27,10414.40,11991.86,7409.57,8300.49,10742.68,10573.34,9993.33,12021.07,9847.41,10115.75,9729.89
10377.65,10839.55,11336.22,9650.90,11127.16,7642.32,9971.59,8770.12,9254.85,10626.92,12179.72,11084.69,8994.31,11633.66,11319.35,8091.99,11049.91,9080.02,8648.46,10405.52,11967.72,7410.77,8290.40,10688.58,10557.49,9933.95,11986.68,9823.16,10137.06,9731.66
10376.95,10817.19,11326.92,9644.04,11097.37,7642.77,9950.43,8799.48,9255.73,10580.85,12208.73,11047.47,8978.27,11608.81,11283.86,8095.26,11061.76,9063.89,8673.26,10423.81,11953.60,7426.27,8294.33,10709.48,10558.96,9946.49,11920.55,9812.26,10119.06,9747.64
10396.33,10842.87,11328.15,9620.48,11085.93,7649.69,9988.99,8813.01,9252.58,10607.40,12248.13,11011.74,8972.08,11586.54,11301.74,8097.09,11044.33,9070.78,8679.16,10402.69,11945.55,7431.80,8293.17,10747.58,10550.55,9922.27,11935.42,9820.51,10112.84,9737.99
10402.20,10852.79,11325.32,9650.64,11100.44,7662.50,9935.94,8796.50,9251.37,10599.23,12269.58,11037.28,8989.22,11611.42,11267.59,8092.76,11069.71,9059.19,8658.82,10409.09,11949.41,7442.37,8303.08,10746.84,10571.59,9943.88,11945.84,9806.95,10114.30,9755.20
10384.28,10823.38,11308.59,9665.25,11115.24,7647.15,9899.35,8791.04,9249.53,10651.59,12177.60,11009.60,8979.94,11625.13,11319.43,8100.38,11066.67,9057.14,8653.05,10445.26,11977.62,7427.95,8299.54,10701.59,10565.13,9922.11,11972.79,9826.27,10144.50,9740.91
10401.48,10847.02,11323.94,9652.71,11117.27,7641.33,9914.77,8794.33,9264.72,10662.98,12156.10,11100.57,8987.27,11634.27,11349.39,8097.78,11036.89,9081.17,8653.26,10431.37,11965.91,7432.12,8296.98,10709.72,10568.11,9900.44,11978.36,9827.55,10149.42,9742.42
10399.40,10832.65,11340.51,9648.70,11101.57,7638.69,9934.96,8808.68,9265.10,10634.29,12229.08,11072.60,8974.36,11615.44,11301.33,8129.10,11060.48,9102.13,8666.58,10430.12,11976.86,7434.11,8291.41,10741.57,10552.33,9928.88,11940.21,9836.98,10123.72,9769.61
10388.23,10844.83,11338.85,9632.31,11092.93,7656.28,9966.86,8800.86,9271.82,10591.38,12294.04,11079.75,8984.63,11616.62,11262.84,8123.67,11077.31,9067.44,8657.76,10407.12,11980.89,7440.60,8297.56,10768.23,10528.93,9934.29,11953.86,9840.32,10122.23,9745.61
10378.27,10841.56,11342.75,9651.60,11102.98,7650.16,9951.66,8786.27,9253.40,10563.22,12310.24,11087.24,9002.39,11614.71,11276.41,8121.00,11074.97,9076.81,8656.73,10412.50,11974.12,7427.19,8316.84,10726.34,10553.19,9959.52,11950.60,9827.79,10128.10,9736.56
10340.52,10826.56,11325.01,9672.53,11106.10,7633.00,9946.75,8763.13,9265.87,10642.19,12220.34,11066.22,8987.77,11641.83,11330.19,8101.55,11063.54,9070.71,8634.43,10428.12,11986.28,7422.23,8295.54,10692.96,10552.34,9921.30,12002.42,9830.91,10152.22,9732.58
10348.13,10841.88,11307.75,9661.93,11110.57,7624.73,9958.19,8779.93,9256.82,10640.43,12196.11,11038.67,8988.88,11612.73,11326.02,8117.14,11057.78,9070.09,8642.26,10421.01,11978.97,7428.67,8295.68,10695.40,10532.25,9903.76,12007.83,9823.43,10136.63,9726.67
10371.13,10820.62,11338.48,9629.90,11099.77,7630.88,9966.46,8803.99,9261.88,10631.65,12300.90,11026.60,8977.12,11612.58,11296.80,8118.61,11040.60,9074.79,8658.34,10417.01,11978.37,7431.55,8293.25,10726.29,10517.82,9961.07,12002.98,9839.50,10113.71,9734.26
10384.73,10796.03,11368.90,9616.91,11089.45,7636.62,9961.84,8802.38,9272.17,10600.63,12332.86,11070.23,8982.87,11601.43,11274.13,8117.74,11070.68,9070.37,8664.41,10400.69,11963.76,7426.66,8294.45,10742.86,10543.39,9986.30,11989.11,9836.01,10101.21,9743.44
10372.98,10792.29,11361.86,9644.04,11123.76,7621.12,9958.41,8784.94,9262.40,10607.52,12289.67,11044.62,8975.37,11624.63,11294.21,8112.57,11072.97,9088.76,8646.46,10430.55,11986.45,7416.41,8295.99,10732.58,10567.94,9954.61,12000.35,9841.11,10138.89,9743.14
10355.88,10813.94,11355.37,9652.59,11117.78,7622.36,9936.45,8778.63,9263.95,10635.20,12170.44,11051.65,8972.90,11627.43,11316.97,8106.14,11051.12,9086.67,8647.73,10424.90,11983.91,7411.62,8293.74,10709.05,10569.79,9953.17,12042.39,9834.01,10140.72,9714.76
10350.94,10843.32,11377.21,9634.53,11117.53,7624.38,9982.04,8801.90,9274.49,10603.53,12266.65,11031.26,8979.94,11618.75,11313.22,8133.96,11053.37,9112.70,8666.42,10411.29,12011.58,7426.39,8296.75,10738.42,10549.66,9970.79,12045.19,9838.62,10124.43,9737.09
10385.12,10842.56,11408.76,9623.57,11119.95,7651.09,10008.34,8818.52,9292.59,10600.62,12413.78,11061.20,8989.55,11646.79,11290.35,8129.29,11082.51,9112.72,8681.12,10423.29,11999.32,7435.70,8301.65,10772.43,10560.48,10019.82,12051.45,9844.92,10111.83,9761.20
10392.69,10814.26,11409.83,9640.40,11118.22,7673.97,10010.24,8811.85,9279.75,10597.60,12456.53,11077.69,9013.34,11639.13,11299.66,8103.17,11088.82,9120.12,8672.35,10421.83,12019.70,7429.12,8312.06,10773.20,10585.50,10062.02,12070.00,9864.11,10125.97,9782.34
10388.89,10829.67,11409.12,9659.04,11126.21,7670.88,9990.54,8800.19,9288.14,10647.98,12348.12,11082.23,9029.87,11653.17,11313.06,8113.74,11093.80,9109.60,8666.31,10427.70,12030.89,7429.83,8327.73,10741.47,10604.79,10035.59,12095.73,9866.16,10140.07,9764.37
10392.95,10818.91,11420.20,9672.30,11152.63,7673.66,9962.17,8798.73,9291.22,10641.58,12357.40,11105.44,9027.30,11636.12,11325.52,8107.23,11100.59,9116.35,8676.63,10447.08,12015.81,7433.12,8322.91,10758.58,10614.24,9998.35,12083.33,9828.55,10139.55,9779.17
10410.29,10812.44,11417.21,9646.45,11123.25,7687.30,9961.86,8803.20,9292.65,10630.22,12371.84,11094.01,9011.30,11593.62,11296.78,8099.85,11061.79,9095.98,8670.95,10426.25,11998.64,7431.10,8311.44,10771.33,10596.18,10009.79,12056.90,9820.80,10095.00,9766.56
10436.24,10825.13,11447.51,9625.11,11102.34,7700.43,9972.31,8809.50,9297.80,10655.30,12491.07,11130.48,9005.63,11610.14,11302.61,8111.85,11051.30,9102.70,8698.37,10412.04,11962.27,7447.09,8312.42,10813.37,10600.42,10033.69,12028.42,9836.97,10074.29,9765.97
10444.41,10819.86,11430.63,9625.99,11103.87,7721.50,9959.39,8812.62,9289.52,10656.57,12498.09,11099.61,9025.45,11611.34,11276.60,8122.32,11074.02,9082.10,8684.26,10407.88,11985.64,7442.68,8328.25,10813.83,10623.63,10058.10,12016.85,9828.98,10101.21,9794.63
10447.77,10819.92,11420.43,9652.97,11102.36,7720.41,9941.94,8797.82,9279.05,10710.30,12470.14,11097.65,9040.97,11634.41,11319.85,8112.46,11069.54,9081.47,8676.87,10435.11,11987.71,7446.17,8330.31,10784.19,10630.03,10021.94,12013.70,9825.97,10127.15,9773.03
10448.84,10829.90,11421.05,9664.43,11083.81,7716.95,9932.91,8792.62,9286.54,10729.51,12447.16,11122.69,9022.30,11631.75,11321.25,8117.39,11077.23,9068.59,8682.17,10436.23,11982.99,7445.78,8334.86,10807.64,10623.76,10012.85,12025.56,9835.50,10112.88,9780.26
10464.61,10842.67,11434.99,9631.29,11110.00,7736.57,9946.65,8833.24,9301.78,10706.43,12524.98,11126.21,9020.07,11619.52,11306.24,8116.36,11083.53,9094.39,8691.34,10426.87,11965.34,7450.07,8325.90,10818.72,10616.13,10039.79,11980.04,9826.44,10092.48,9794.01
10459.74,10834.13,11433.45,9636.91,11095.73,7735.77,9957.79,8824.40,9288.57,10653.05,12520.86,11123.65,9021.74,11625.17,11304.46,8101.65,11092.97,9078.15,8689.48,10418.12,11966.75,7446.66,8329.43,10816.80,10607.16,10057.88,11969.73,9826.53,10098.61,9787.91
10435.94,10852.46,11397.58,9649.89,11098.69,7725.49,9948.35,8812.12,9268.91,10716.14,12460.51,11141.87,9014.67,11634.64,11300.85,8089.11,11092.34,9068.29,8658.16,10427.12,11961.75,7429.57,8330.45,10782.47,10597.62,10005.49,11982.73,9824.32,10106.17,9782.20
10423.46,10837.49,11374.76,9644.48,11074.28,7713.70,9926.48,8801.66,9263.67,10723.94,12436.40,11130.20,8992.89,11619.05,11310.85,8103.14,11079.52,9060.66,8643.36,10426.44,11982.41,7440.16,8313.07,10798.62,10573.03,9999.00,11968.78,9808.79,10107.37,9777.10
10433.60,10828.64,11398.44,9618.53,11099.39,7710.16,9934.16,8809.83,9267.92,10661.77,12457.00,11140.76,8989.18,11609.30,11306.20,8101.85,11072.55,9074.68,8663.37,10404.19,11981.86,7433.15,8318.47,10811.76,10582.52,10031.75,11926.35,9801.34,10094.07,9793.33
10411.22,10828.99,11400.87,9612.28,11090.94,7705.90,9945.36,8801.71,9272.70,10635.14,12472.50,11100.97,8993.32,11610.83,11306.93,8091.01,11058.84,9060.57,8659.31,10397.52,11965.44,7429.95,8314.74,10778.72,10571.13,10027.72,11939.30,9809.09,10077.96,9791.39
10406.61,10807.31,11376.26,9634.85,11104.52,7698.45,9945.53,8799.39,9262.65,10678.82,12443.05,11106.93,8997.47,11617.86,11304.92,8086.18,11057.40,9075.90,8657.22,10408.03,11970.47,7416.99,8325.73,10779.31,10571.27,10003.98,11949.57,9791.33,10097.97,9786.22
10388.85,10828.48,11339.71,9642.98,11096.08,7692.07,9929.00,8789.92,9259.33,10714.20,12338.76,11108.56,8990.68,11636.15,11347.16,8086.13,11070.42,9061.75,8635.31,10403.37,11983.77,7416.63,8317.47,10761.80,10555.23,9985.35,11981.02,9825.52,10115.55,9784.33
10402.71,10830.80,11354.19,9618.17,11078.35,7683.00,9954.92,8813.39,9256.34,10691.30,12424.32,11093.15,8980.14,11608.84,11293.75,8109.21,11055.31,9063.43,8659.32,10417.25,11966.52,7432.37,8309.61,10794.76,10539.15,9988.68,11951.03,9801.23,10085.74,9763.55
10412.80,10850.22,11383.76,9615.65,11085.08,7700.34,9961.68,8821.49,9271.58,10681.63,12452.16,11096.89,8983.56,11609.56,11289.82,8120.53,11072.78,9077.53,8669.99,10401.86,11968.13,7448.78,8300.87,10820.40,10552.07,10017.13,11959.75,9811.17,10092.46,9778.88
10414.35,10850.30,11392.63,9637.21,11098.52,7710.25,9969.12,8820.24,9260.33,10675.48,12425.94,11110.14,8993.64,11627.22,11291.59,8110.99,11069.07,9082.42,8662.86,10414.77,11984.95,7442.90,8317.90,10804.90,10568.57,10023.38,11988.32,9810.64,10110.94,9798.21
10411.21,10856.07,11405.23,9647.39,11105.18,7692.68,9948.13,8807.92,9258.52,10737.83,12411.15,11132.31,9004.88,11635.49,11315.09,8105.23,11084.58,9097.26,8654.71,10428.57,12004.35,7434.24,8329.18,10794.08,10583.04,10007.86,12062.45,9838.02,10116.68,9785.50
10407.70,10846.80,11387.81,9655.38,11118.64,7693.07,9960.45,8822.63,9278.48,10750.36,12341.81,11148.56,8999.29,11648.98,11345.49,8115.90,11095.67,9122.04,8657.38,10456.69,12012.54,7443.48,8304.40,10797.52,10575.48,9971.44,12045.55,9843.78,10136.50,9802.19
10426.83,10876.73,11394.13,9629.95,11119.38,7696.63,9997.67,8837.46,9277.55,10668.96,12465.09,11122.91,8999.11,11643.89,11293.13,8121.11,11079.30,9101.85,8673.10,10432.88,11985.99,7457.88,8308.16,10823.08,10572.34,10028.73,11991.30,9805.51,10107.94,9802.52
10445.51,10852.39,11408.81,9648.96,11129.08,7715.10,9968.17,8838.63,9284.65,10666.20,12482.28,11126.85,9024.95,11628.56,11294.81,8113.25,11109.01,9104.60,8695.82,10438.05,12005.88,7462.65,8338.76,10808.48,10609.18,10049.35,11994.87,9833.61,10128.91,9826.31
10456.41,10846.17,11404.62,9680.12,11143.88,7713.35,9954.61,8804.32,9285.38,10681.08,12406.88,11093.87,9028.25,11638.89,11320.85,8105.31,11106.26,9094.71,8668.33,10434.63,12021.17,7461.46,8338.17,10802.85,10642.19,10026.42,11982.59,9825.19,10140.40,9807.15
10453.42,10858.44,11426.60,9682.70,11143.63,7717.59,9967.30,8812.71,9294.49,10720.17,12356.91,11166.18,9044.67,11660.89,11350.77,8116.94,11116.47,9093.16,8673.10,10465.95,11990.92,7484.39,8341.01,10811.01,10640.51,9999.29,12019.32,9833.98,10141.06,9797.90
10473.27,10865.12,11430.24,9661.41,11155.43,7730.51,9986.68,8825.59,9300.85,10711.44,12454.21,11131.86,9032.87,11655.69,11312.64,8134.68,11114.94,9101.70,8689.48,10460.11,12013.06,7500.42,8345.68,10832.84,10622.30,10032.89,11977.34,9836.73,10125.11,9821.33
10476.17,10835.23,11437.40,9660.07,11136.05,7729.02,9978.40,8825.95,9312.19,10667.39,12479.11,11133.96,9039.75,11649.03,11299.64,8121.00,11096.06,9102.48,8698.13,10442.17,11988.97,7494.53,8339.10,10828.14,10628.00,10064.28,11982.52,9834.74,10115.86,9801.98
10463.11,10840.29,11426.48,9691.27,11157.07,7721.29,9953.39,8814.72,9302.06,10701.93,12401.04,11141.86,9037.22,11674.28,11341.33,8110.26,11127.30,9093.26,8681.16,10460.67,11998.09,7486.34,8348.23,10785.51,10647.25,10035.92,12025.29,9867.02,10133.90,9793.23
10473.39,10847.60,11418.89,9680.45,11141.45,7701.73,9924.85,8815.33,9298.86,10699.30,12335.26,11141.04,9020.02,11675.09,11351.12,8104.84,11115.75,9100.82,8690.36,10460.68,12007.03,7491.17,8331.65,10801.37,10636.75,9994.21,11990.16,9836.26,10138.38,9787.69
10467.45,10879.06,11402.36,9661.47,11147.96,7696.51,9971.14,8851.42,9302.29,10672.65,12396.10,11155.15,9010.05,11678.24,11328.78,8137.04,11113.06,9108.13,8704.19,10454.83,12017.36,7507.92,8307.48,10822.11,10606.34,10039.27,12022.74,9846.48,10112.08,9820.06
10480.74,10852.67,11412.59,9653.49,11148.27,7716.88,9974.16,8849.03,9306.65,10666.36,12456.12,11118.00,9023.09,11675.11,11312.18,8123.58,11114.09,9109.69,8708.63,10433.77,12034.55,7503.10,8325.12,10835.17,10614.02,10066.29,12000.67,9871.18,10108.87,9817.57
10458.87,10863.53,11395.93,9684.66,11156.53,7684.09,9967.69,8810.38,9285.95,10706.64,12363.24,11133.02,9019.70,11705.20,11343.54,8104.94,11116.69,9105.84,8681.48,10446.61,12062.83,7474.48,8339.94,10802.68,10616.89,10024.91,12035.54,9850.02,10122.49,9815.70
10455.59,10850.07,11379.19,9673.49,11131.94,7686.46,9941.51,8816.47,9293.34,10727.64,12265.57,11117.84,9019.08,11696.86,11358.04,8114.46,11106.32,9099.34,8678.01,10459.49,12037.31,7473.56,8316.04,10794.80,10610.54,9997.46,12057.27,9864.33,10136.09,9796.48
10441.83,10859.25,11393.50,9646.73,11151.51,7686.21,9971.70,8828.10,9304.43,10693.57,12361.78,11137.21,9000.80,11675.52,11311.48,8127.58,11093.14,9120.68,8699.07,10441.45,12037.02,7481.51,8301.59,10802.29,10585.66,10006.00,12035.56,9839.91,10111.04,9812.03
10450.18,10851.72,11404.47,9641.02,11142.14,7705.62,10002.49,8831.27,9300.58,10671.44,12439.31,11112.97,9013.59,11647.96,11327.15,8124.24,11091.28,9100.96,8686.49,10417.68,12036.79,7473.49,8312.16,10818.22,10574.69,10042.95,12026.31,9828.16,10118.32,9801.09
10421.79,10868.23,11386.92,9663.90,11156.39,7683.50,9968.71,8818.80,9277.88,10710.99,12326.53,11127.55,9023.15,11705.83,11380.86,8099.21,11105.32,9107.73,8664.34,10437.33,12062.57,7442.38,8314.28,10776.32,10587.15,10034.72,12089.98,9856.70,10133.09,9794.28
10416.42,10873.52,11381.51,9671.34,11171.58,7671.43,9976.50,8810.54,9283.82,10745.74,12255.77,11131.07,9027.26,11711.03,11358.51,8101.13,11090.42,9119.06,8666.36,10451.61,12072.83,7442.73,8310.14,10758.30,10597.32,9989.75,12107.41,9839.78,10138.77,9782.42
10428.47,10865.85,11380.13,9664.64,11163.73,7663.29,10007.02,8835.98,9290.31,10701.95,12299.15,11107.64,9009.98,11683.54,11354.68,8130.23,11090.74,9126.93,8695.66,10445.46,12062.83,7445.36,8293.40,10791.67,10585.19,9997.80,12078.80,9860.85,10118.31,9788.31
10417.06,10871.08,11412.40,9654.13,11151.79,7691.04,9992.43,8840.05,9298.45,10649.08,12423.11,11106.69,9019.38,11674.20,11322.53,8117.56,11085.08,9113.78,8695.61,10432.92,12061.89,7462.12,8304.23,10811.21,10586.04,10030.08,12068.54,9810.64,10112.10,9800.83
10411.78,10859.65,11411.92,9656.02,11176.83,7690.22,9994.10,8829.26,9292.49,10697.22,12386.57,11108.97,9025.28,11680.27,11368.26,8114.19,11101.26,9125.95,8678.51,10456.01,12060.63,7449.93,8330.99,10810.47,10601.72,10037.02,12098.04,9863.90,10121.54,9795.67
10397.95,10839.94,11402.29,9682.19,11183.24,7679.96,9976.97,8810.19,9287.22,10728.45,12319.43,11128.19,9027.99,11697.43,11355.29,8096.05,11100.83,9109.16,8668.94,10467.09,12055.38,7439.83,8307.65,10776.40,10604.92,10031.08,12116.12,9832.73,10121.97,9787.64
10404.68,10860.33,11405.89,9662.15,11187.44,7682.61,9969.07,8836.61,9286.37,10722.27,12355.51,11093.61,9011.92,11656.29,11351.36,8095.85,11092.23,9141.95,8680.61,10467.50,12061.58,7437.17,8296.40,10779.31,10604.22,10019.68,12072.91,9861.92,10123.42,9796.02
10447.52,10865.36,11474.74,9634.85,11161.21,7706.99,10041.41,8863.71,9309.64,10691.35,12527.10,11160.84,9032.08,11639.02,11285.48,8115.27,11077.89,9121.85,8717.97,10437.18,12040.30,7468.09,8305.67,10860.75,10599.74,10098.14,12063.38,9855.32,10096.17,9794.24
10467.64,10856.90,11435.96,9644.29,11171.27,7720.57,9985.86,8825.30,9324.73,10821.02,12158.51,11007.56,9057.73,11695.47,11311.86,8123.63,11017.33,9119.94,8670.74,10380.75,12056.08,7452.40,8308.13,10768.70,10658.34,10031.26,12141.75,9868.24,10090.19,9815.20
10479.19,10859.22,11525.88,9656.03,11170.54,7746.84,10007.83,8865.87,9317.76,10740.80,12601.05,11111.38,9082.53,11694.44,11290.52,8115.32,11078.03,9103.58,8686.87,10407.04,12038.91,7468.78,8340.77,10842.26,10644.79,10182.08,12126.84,9866.50,10132.03,9826.70
10472.07,10857.85,11531.92,9701.84,11207.61,7766.17,10035.38,8865.03,9325.01,10796.04,12661.39,11158.81,9117.38,11731.25,11348.79,8117.88,11129.62,9099.84,8700.04,10469.97,12065.43,7482.15,8372.13,10866.39,10654.87,10195.03,12130.63,9864.82,10178.47,9830.73
10486.74,10862.81,11527.23,9678.92,11213.12,7757.43,10026.79,8889.30,9334.92,10776.39,12682.31,11185.47,9101.67,11688.62,11362.58,8124.66,11119.34,9112.61,8711.54,10474.59,12073.03,7477.06,8349.71,10892.02,10641.04,10229.27,12099.72,9873.74,10165.18,9843.73
10525.34,10883.88,11561.69,9649.05,11192.12,7781.67,10068.50,8905.76,9340.82,10752.28,12742.21,11107.71,9093.99,11710.71,11325.37,8138.47,11101.81,9110.38,8729.50,10463.62,12068.92,7484.51,8353.26,10896.79,10660.92,10254.43,12099.48,9859.41,10149.55,9822.41
10521.37,10850.76,11531.53,9648.79,11176.48,7783.56,10037.64,8887.63,9316.76,10751.74,12709.43,11137.86,9105.14,11713.18,11313.01,8133.47,11097.95,9085.22,8706.34,10466.69,12056.44,7470.88,8362.08,10859.13,10665.71,10256.03,12097.94,9854.35,10167.50,9821.80
10500.97,10840.33,11483.54,9662.20,11173.22,7751.44,9995.54,8863.93,9308.02,10781.66,12657.33,11126.59,9089.29,11698.65,11342.65,8127.40,11115.16,9068.87,8680.17,10478.47,12046.29,7446.94,8345.58,10838.28,10639.15,10194.07,12088.00,9842.85,10182.66,9793.69
10501.01,10828.35,11477.25,9664.43,11167.78,7737.38,9991.41,8861.70,9314.70,10766.57,12616.94,11105.93,9071.71,11694.37,11365.16,8113.86,11082.80,9075.39,8689.60,10452.39,12039.05,7453.59,8331.65,10827.94,10630.68,10126.03,12025.77,9817.82,10152.27,9777.46
10507.31,10853.54,11494.73,9613.68,11159.39,7731.38,10043.54,8864.47,9323.83,10708.78,12632.17,11125.28,9071.27,11680.22,11303.68,8133.62,11063.46,9093.91,8715.63,10431.78,12029.57,7439.50,8337.44,10868.46,10613.40,10138.67,12039.81,9840.49,10111.57,9791.49
10486.29,10827.54,11509.41,9605.76,11140.59,7743.32,10017.24,8844.78,9312.34,10665.96,12658.98,11091.03,9071.90,11658.24,11272.26,8110.45,11048.80,9069.37,8695.35,10404.80,11967.47,7439.68,8325.03,10853.35,10606.23,10163.50,11993.07,9803.58,10095.31,9765.95
10453.62,10800.84,11465.52,9610.83,11124.84,7707.35,9994.93,8810.38,9272.58,10729.76,12584.43,11069.25,9059.31,11644.16,11302.20,8074.59,11057.13,9066.55,8647.57,10418.86,11989.71,7417.46,8341.66,10793.45,10599.26,10131.57,12064.52,9807.42,10098.48,9744.85
10439.07,10827.53,11462.45,9614.75,11127.24,7699.33,9984.18,8806.26,9286.36,10737.56,12569.42,11150.29,9042.66,11643.68,11311.34,8081.37,11042.79,9053.08,8651.09,10416.69,11973.58,7426.66,8332.75,10808.42,10599.97,10106.46,12061.99,9800.73,10089.37,9743.75
10444.83,10833.77,11469.76,9611.82,11131.13,7696.54,10009.57,8821.92,9274.20,10708.37,12573.40,11132.25,9023.59,11608.06,11332.07,8094.85,11047.31,9073.98,8653.53,10404.16,11997.50,7428.78,8327.83,10805.70,10567.29,10092.06,12048.96,9779.51,10082.18,9738.14
10438.95,10830.43,11473.86,9583.25,11100.35,7704.40,10013.78,8813.25,9266.58,10658.37,12619.40,11101.50,9019.48,11594.31,11291.52,8081.62,11029.85,9067.26,8662.38,10370.84,11978.11,7418.64,8311.11,10820.05,10562.65,10110.10,12028.05,9778.66,10049.91,9732.50
10441.54,10809.76,11480.02,9605.04,11148.89,7696.64,9995.96,8804.38,9263.38,10679.65,12559.57,11083.95,9017.88,11595.17,11320.30,8069.02,11052.29,9066.22,8654.18,10382.93,11988.97,7391.52,8312.81,10803.47,10579.15,10104.22,12067.21,9770.98,10059.43,9729.81
10427.39,10806.36,11487.50,9608.68,11128.69,7691.02,9979.44,8790.15,9281.63,10717.17,12556.08,11068.08,9020.59,11589.91,11332.42,8053.40,11041.67,9052.05,8635.66,10407.04,11996.12,7388.08,8314.78,10803.38,10608.67,10090.64,12092.68,9760.87,10084.56,9724.95
10430.33,10817.57,11476.64,9615.24,11145.18,7683.79,10015.20,8813.05,9299.05,10688.12,12538.05,11073.48,9020.01,11588.60,11335.12,8080.46,11050.50,9082.64,8674.67,10409.48,12000.29,7400.97,8307.96,10811.45,10593.04,10095.87,12082.92,9771.93,10084.28,9728.05
10434.60,10804.44,11473.43,9590.70,11140.69,7691.45,10026.81,8836.64,9293.07,10688.15,12562.22,11051.34,9012.00,11597.70,11303.53,8091.16,11039.42,9088.12,8684.11,10375.83,12003.46,7413.25,8303.29,10821.97,10562.05,10121.67,12073.63,9815.87,10056.87,9726.60
10447.00,10770.62,11485.63,9596.43,11131.29,7706.73,10040.58,8823.24,9290.99,10649.94,12630.08,11038.12,9016.16,11594.63,11280.26,8076.27,11048.86,9078.01,8682.85,10357.31,11980.37,7413.88,8296.42,10835.05,10560.51,10133.69,12074.73,9779.36,10048.88,9714.00
10446.26,10791.86,11458.53,9642.63,11165.51,7711.92,9984.04,8799.30,9293.12,10720.64,12536.15,11067.51,9036.03,11649.90,11334.95,8060.22,11057.36,9082.90,8662.33,10419.78,12013.73,7405.28,8325.42,10791.79,10587.63,10131.82,12128.69,9773.92,10089.95,9724.21
10422.85,10775.35,11419.39,9639.95,11144.68,7707.09,10002.47,8797.87,9299.75,10709.36,12474.69,11058.90,9022.93,11638.47,11343.71,8069.12,11036.21,9072.03,8674.51,10412.57,12012.01,7402.48,8312.32,10778.84,10587.81,10096.52,12092.23,9765.60,10103.47,9729.54
10418.16,10785.21,11410.94,9622.43,11127.31,7687.57,9994.40,8813.56,9297.25,10674.42,12486.67,11045.32,9012.56,11605.62,11321.78,8072.98,10996.00,9069.60,8688.85,10393.61,11998.76,7416.67,8302.70,10792.32,10563.04,10059.19,12070.44,9762.25,10076.36,9723.93
10448.90,10797.96,11458.17,9603.22,11133.96,7697.16,10007.90,8827.96,9309.38,10701.19,12554.06,11068.54,9020.00,11625.63,11303.38,8100.45,11008.92,9077.65,8719.28,10388.61,12000.17,7433.32,8329.62,10819.59,10574.39,10104.55,12031.75,9782.71,10051.81,9745.00
10454.80,10794.81,11446.64,9616.27,11111.12,7729.03,9997.61,8815.30,9286.14,10660.76,12547.11,11037.14,9027.75,11612.39,11281.68,8084.10,11013.97,9065.90,8677.12,10401.19,11971.42,7428.53,8343.15,10806.03,10604.59,10115.77,12010.16,9752.57,10077.36,9760.10
10455.47,10778.80,11402.99,9629.51,11108.12,7695.01,9974.63,8796.18,9256.93,10702.85,12459.05,11048.93,9023.00,11600.45,11311.14,8062.74,11044.78,9050.88,8665.81,10417.79,11987.23,7407.99,8351.80,10763.90,10604.30,10051.73,12040.96,9761.70,10090.96,9744.39
10440.98,10789.90,11396.04,9637.25,11112.99,7691.89,9984.40,8813.05,9274.07,10726.92,12492.29,11102.98,9032.51,11608.48,11319.27,8083.73,11037.70,9044.40,8674.12,10434.45,11972.13,7422.42,8354.42,10796.04,10613.24,10039.60,11974.66,9756.80,10132.47,9731.61
10453.55,10783.07,11382.70,9636.59,11126.10,7700.76,9976.84,8822.45,9280.92,10717.57,12531.20,11074.23,9026.17,11586.58,11297.28,8089.62,11040.35,9060.57,8694.78,10426.50,11938.78,7431.12,8363.37,10805.37,10606.82,10039.75,11948.87,9763.75,10113.95,9764.86
10460.17,10805.00,11415.04,9629.58,11103.26,7717.53,10008.98,8841.55,9278.36,10699.06,12566.56,11074.50,9049.85,11619.71,11288.55,8094.52,11032.06,9055.87,8709.80,10406.05,11959.59,7453.14,8363.66,10849.41,10604.85,10067.68,11963.89,9789.04,10089.57,9770.09
10457.95,10792.42,11423.27,9635.72,11115.10,7715.56,9995.33,8803.59,9262.82,10702.51,12563.40,11045.32,9042.04,11607.26,11311.78,8077.05,11051.86,9057.24,8683.85,10406.85,11954.70,7439.60,8373.25,10832.20,10609.86,10075.42,11928.10,9764.90,10108.75,9770.72
10466.12,10803.24,11414.96,9656.60,11112.31,7691.66,9980.16,8806.91,9274.88,10735.88,12540.12,11071.47,9039.26,11621.26,11341.61,8078.25,11081.77,9066.99,8676.67,10436.72,11956.59,7424.76,8375.05,10802.29,10611.88,10066.74,12008.35,9795.59,10116.41,9755.61
10455.52,10818.22,11440.99,9650.17,11114.60,7680.65,10006.80,8826.69,9296.03,10762.42,12497.01,11090.29,9030.98,11611.76,11350.12,8088.17,11063.81,9077.34,8682.03,10446.08,11963.81,7433.53,8359.25,10824.16,10614.41,10047.97,12056.88,9804.57,10109.95,9750.58
10457.28,10805.25,11432.93,9619.04,11143.04,7685.82,10017.51,8830.35,9302.44,10742.02,12505.49,11100.12,9013.88,11594.88,11332.51,8105.96,11047.04,9099.86,8692.85,10430.09,12002.96,7430.75,8339.81,10846.57,10588.44,10084.28,12079.19,9836.07,10069.58,9771.35
10475.73,10821.74,11438.03,9607.75,11110.78,7701.83,10012.94,8829.46,9299.41,10689.71,12578.68,11071.76,9011.47,11591.11,11283.63,8085.96,11032.91,9092.71,8711.07,10395.92,11990.74,7426.57,8341.32,10862.41,10577.13,10110.29,12074.59,9815.67,10065.16,9763.74
10431.70,10793.57,11417.88,9613.43,11099.66,7680.60,10004.84,8799.71,9273.51,10691.51,12559.76,11076.50,9024.49,11605.04,11287.56,8084.94,11041.83,9072.73,8670.54,10397.73,11998.08,7409.02,8332.58,10810.70,10586.72,10090.00,12095.08,9801.21,10080.57,9744.88
10410.49,10813.50,11390.74,9614.49,11106.69,7666.03,9992.58,8785.95,9273.29,10711.92,12450.94,11087.88,9004.85,11586.88,11315.23,8087.31,11036.56,9066.81,8673.51,10404.88,11972.60,7393.21,8330.33,10800.81,10581.56,10040.86,12061.55,9786.68,10096.31,9745.82
10407.20,10802.19,11384.83,9615.99,11112.66,7667.21,10002.90,8804.61,9274.15,10716.47,12471.15,11074.89,9015.21,11585.49,11303.16,8098.23,11026.14,9079.86,8672.01,10397.86,11975.86,7402.07,8322.12,10817.85,10561.83,10036.44,12047.52,9792.64,10089.43,9752.30
10423.00,10786.52,11416.64,9594.92,11120.54,7683.98,10030.92,8808.65,9291.01,10688.44,12548.56,11100.50,9021.83,11612.73,11311.09,8122.78,11022.41,9076.83,8702.78,10393.31,11975.27,7414.79,8313.59,10829.69,10567.24,10070.07,12049.82,9790.03,10076.82,9756.94
10439.85,10774.40,11406.29,9613.75,11108.06,7692.09,9995.78,8787.18,9279.24,10678.56,12516.88,11069.11,9025.53,11610.59,11323.51,8101.94,11038.16,9066.92,8677.52,10381.99,11979.23,7400.74,8319.39,10801.68,10572.89,10102.08,12017.41,9794.62,10097.08,9749.84
10411.09,10773.80,11403.08,9622.04,11112.76,7663.06,9975.02,8774.83,9261.57,10684.89,12482.14,11039.90,9019.42,11603.18,11328.35,8090.29,11058.42,9058.64,8656.68,10388.34,11982.58,7386.28,8331.31,10769.16,10579.95,10037.48,12016.59,9802.65,10107.99,9736.78
10397.97,10801.11,11397.93,9610.06,11117.26,7653.04,9981.45,8781.45,9259.88,10733.56,12491.08,11076.23,9002.96,11594.24,11329.33,8094.46,11025.79,9045.15,8652.97,10405.58,11950.71,7394.76,8332.91,10781.08,10562.30,10024.79,12054.92,9771.18,10110.69,9730.95
10403.10,10789.55,11377.36,9594.35,11110.73,7649.06,9973.92,8786.44,9261.20,10668.94,12509.62,11066.67,8988.26,11577.64,11300.10,8094.65,11014.36,9057.47,8659.53,10378.70,11959.29,7399.60,8307.60,10775.30,10545.12,10023.23,11998.12,9779.54,10087.26,9728.48
10412.38,10826.49,11414.80,9581.30,11094.87,7673.14,10011.78,8800.20,9282.81,10660.34,12585.64,11065.35,9011.52,11574.08,11278.83,8126.49,11015.34,9061.39,8694.88,10371.38,11961.14,7413.49,8312.29,10823.96,10558.37,10072.87,11981.29,9781.98,10072.54,9736.27
10422.64,10784.54,11451.27,9619.45,11090.30,7686.06,10004.69,8791.76,9269.02,10685.79,12573.95,11052.07,9038.09,11604.21,11295.25,8098.62,11041.45,9060.69,8660.20,10388.06,11959.29,7401.02,8339.87,10804.08,10592.62,10103.97,12009.36,9771.99,10095.42,9749.64
10444.96,10800.35,11441.10,9630.82,11112.87,7687.61,9990.04,8787.37,9281.51,10727.60,12542.88,11108.34,9051.05,11603.20,11319.54,8093.66,11068.56,9047.84,8661.40,10414.54,11967.42,7399.91,8347.16,10810.13,10622.10,10071.16,12007.63,9794.08,10120.26,9749.77
10457.33,10813.88,11464.54,9629.16,11112.06,7678.65,10007.60,8809.26,9284.49,10720.55,12525.24,11127.82,9038.96,11603.16,11341.18,8119.71,11057.18,9081.72,8678.36,10413.62,11968.25,7414.98,8344.40,10817.15,10613.40,10079.51,12019.92,9800.22,10102.51,9774.83
10481.89,10829.42,11449.66,9612.49,11123.38,7707.36,10022.15,8838.40,9293.68,10724.12,12579.22,11095.99,9021.88,11631.39,11310.19,8127.71,11057.39,9073.82,8702.11,10408.91,11999.78,7429.60,8341.64,10822.16,10624.50,10112.21,12004.35,9793.99,10101.57,9794.83
10486.32,10822.91,11454.52,9616.54,11107.38,7716.66,10017.97,8818.37,9267.33,10684.14,12613.22,11067.63,9017.32,11597.53,11304.46,8109.49,11044.32,9072.42,8692.30,10400.36,11979.63,7420.59,8328.53,10823.27,10614.54,10108.83,11969.60,9784.52,10087.09,9772.99
10489.05,10825.89,11402.03,9630.94,11093.98,7697.93,10006.79,8797.16,9263.27,10727.65,12576.03,11129.61,9020.36,11591.90,11300.69,8098.12,11052.92,9054.85,8669.69,10407.13,12003.49,7404.92,8330.20,10806.30,10611.88,10054.46,11959.11,9764.06,10101.95,9783.58
10459.82,10823.09,11381.43,9615.03,11102.40,7691.37,9988.50,8801.96,9245.28,10712.64,12559.45,11114.32,9015.97,11583.18,11316.54,8126.85,11067.45,9065.60,8665.25,10401.19,11978.75,7410.37,8315.03,10816.51,10598.46,10043.79,11975.29,9777.57,10110.31,9777.60
10426.00,10818.65,11362.12,9622.18,11094.02,7685.63,9977.23,8801.71,9247.86,10737.30,12557.74,11146.05,9006.08,11569.82,11307.87,8111.72,11043.44,9068.70,8654.93,10404.76,11981.86,7415.15,8318.79,10781.93,10568.68,10021.06,11952.96,9750.01,10102.56,9769.87
10446.93,10824.70,11374.66,9600.77,11098.28,7704.85,9946.14,8818.76,9260.24,10715.96,12592.87,11115.94,9026.09,11593.87,11255.60,8131.53,11027.80,9064.62,8679.65,10388.77,11967.48,7435.09,8307.38,10813.58,10557.65,10071.31,11938.68,9767.80,10102.73,9803.40
10429.80,10791.38,11375.42,9602.56,11078.72,7695.50,9962.14,8796.88,9256.99,10702.51,12600.14,11105.58,9025.52,11586.96,11256.52,8103.27,11018.76,9054.16,8668.05,10365.53,11969.22,7422.17,8310.06,10813.04,10561.86,10080.92,11920.28,9752.57,10105.34,9797.72
10424.50,10837.78,11368.84,9623.25,11110.06,7698.27,9956.48,8792.68,9241.07,10742.32,12534.49,11086.65,9041.21,11594.87,11304.10,8108.92,11050.07,9050.98,8643.16,10391.09,11954.53,7409.84,8328.22,10775.62,10580.74,10054.95,11940.89,9748.35,10123.43,9780.77
10426.20,10813.69,11361.57,9637.16,11130.60,7699.68,9968.21,8789.67,9256.52,10726.61,12544.53,11149.96,9028.78,11604.73,11281.82,8103.96,11070.93,9072.98,8650.61,10388.29,11980.19,7415.96,8323.17,10792.27,10574.89,10045.21,11931.05,9748.26,10121.04,9799.50
10435.74,10825.89,11381.28,9608.61,11134.25,7698.59,9962.15,8823.67,9265.54,10710.69,12579.25,11122.00,9020.28,11610.53,11280.64,8132.18,11047.56,9097.67,8678.65,10392.88,12002.63,7434.44,8310.00,10806.69,10574.52,10081.39,11978.81,9783.90,10116.60,9803.67
10461.97,10835.11,11408.82,9611.23,11117.31,7712.91,9992.23,8824.40,9283.52,10711.23,12630.27,11104.49,9035.97,11632.74,11273.44,8143.40,11073.15,9098.54,8679.29,10392.00,11995.28,7425.93,8329.71,10829.12,10587.56,10107.72,11960.05,9808.07,10099.33,9803.79
10461.39,10786.24,11381.61,9611.35,11108.10,7715.74,9963.91,8798.93,9266.30,10726.04,12588.30,11100.97,9023.94,11627.19,11280.00,8128.49,11066.44,9077.12,8662.18,10389.21,11978.36,7415.33,8328.23,10810.33,10576.72,10103.84,11966.84,9803.83,10107.97,9794.00
10444.85,10826.42,11378.74,9627.97,11113.07,7696.78,9984.13,8801.54,9253.20,10715.90,12588.42,11111.02,9034.37,11620.94,11287.89,8123.15,11089.51,9082.35,8652.22,10387.24,11993.08,7424.12,8323.49,10809.08,10591.55,10065.57,11970.07,9812.79,10127.51,9791.34
10467.13,10823.22,11393.76,9624.73,11107.23,7705.44,9959.64,8808.34,9268.89,10731.18,12593.18,11095.14,9030.31,11607.66,11317.10,8116.42,11084.51,9091.99,8663.98,10413.73,11979.14,7428.20,8320.86,10825.02,10605.50,10063.70,11956.61,9786.89,10127.22,9800.12
10477.06,10817.42,11414.22,9603.66,11112.65,7714.95,9978.20,8817.51,9277.60,10681.99,12612.43,11072.80,9050.21,11623.38,11264.91,8126.11,11067.27,9067.47,8679.44,10376.10,11958.26,7428.50,8321.00,10842.01,10592.76,10103.37,11929.41,9791.98,10099.88,9809.37
10469.86,10817.06,11393.85,9620.80,11082.83,7718.72,9949.44,8810.54,9260.29,10682.15,12622.07,11106.03,9041.91,11597.55,11261.33,8104.55,11069.69,9049.95,8668.45,10379.82,11899.59,7425.95,8330.80,10818.96,10603.43,10105.97,11898.09,9736.75,10108.20,9788.66
10459.75,10787.52,11382.10,9643.19,11107.06,7699.49,9951.18,8789.76,9251.70,10727.73,12560.86,11097.28,9037.39,11610.10,11307.95,8116.23,11082.84,9046.71,8652.38,10401.93,11924.78,7424.52,8339.30,10829.35,10610.17,10057.97,11931.37,9768.62,10135.94,9781.08
10427.37,10802.75,11348.01,9641.81,11101.49,7685.47,9949.03,8783.50,9241.70,10748.45,12486.51,11117.53,9035.33,11631.91,11310.29,8104.24,11050.30,9031.45,8634.15,10396.00,11891.27,7407.17,8327.62,10785.00,10582.58,10001.41,11920.85,9779.64,10142.99,9760.87
10450.57,10807.02,11378.04,9626.81,11108.37,7686.29,9943.22,8806.61,9252.36,10678.05,12524.54,11122.25,9028.92,11606.89,11280.93,8122.45,11037.85,9059.96,8680.42,10374.34,11919.43,7433.24,8311.19,10816.82,10579.09,10030.10,11910.91,9778.08,10114.82,9771.07
10478.81,10810.05,11446.20,9622.57,11138.25,7713.53,9950.89,8825.66,9276.35,10677.70,12617.84,11112.67,9054.67,11611.69,11278.27,8129.67,11053.94,9063.87,8707.83,10373.75,11902.82,7450.09,8323.09,10835.51,10592.72,10073.64,11875.31,9782.85,10104.30,9781.42
10475.74,10788.93,11457.08,9649.71,11140.26,7737.63,9970.97,8806.64,9266.42,10731.04,12551.74,11097.15,9049.69,11646.59,11279.72,8112.19,11072.00,9059.93,8675.30,10405.95,11935.94,7436.00,8335.12,10819.77,10621.13,10080.92,11906.67,9766.84,10134.02,9787.75
10467.47,10832.58,11423.38,9667.53,11161.92,7708.09,9962.74,8814.63,9264.00,10731.81,12524.45,11111.54,9048.32,11661.88,11330.10,8122.54,11096.70,9063.94,8656.24,10434.15,11947.85,7432.31,8345.41,10812.88,10616.48,10058.98,11939.89,9789.15,10150.12,9775.10
10484.96,10830.27,11454.81,9664.04,11164.60,7714.23,9976.58,8841.17,9303.56,10724.68,12544.64,11127.22,9059.96,11679.85,11309.33,8129.65,11087.64,9081.03,8692.21,10435.69,11983.00,7446.80,8326.77,10830.93,10618.78,10096.22,11980.25,9788.80,10124.31,9773.30
10473.04,10824.19,11471.76,9650.78,11148.14,7722.43,9990.22,8856.96,9312.19,10740.36,12625.39,11100.17,9062.41,11655.65,11324.34,8139.78,11082.48,9097.96,8703.70,10439.03,11986.63,7449.73,8329.41,10828.62,10616.05,10108.20,11982.15,9820.56,10106.26,9792.19
10486.88,10809.61,11465.59,9654.29,11135.62,7732.71,9966.87,8816.48,9296.01,10723.14,12600.90,11107.97,9061.99,11632.52,11321.66,8106.26,11093.08,9083.27,8666.79,10409.95,11980.07,7436.40,8324.30,10831.53,10615.15,10132.96,11989.97,9781.04,10115.65,9773.60
10475.15,10795.28,11444.09,9654.43,11153.34,7703.68,9976.29,8808.35,9281.31,10736.66,12534.24,11094.62,9069.05,11660.87,11334.85,8096.23,11070.52,9058.14,8657.26,10435.02,11975.62,7423.11,8327.90,10786.18,10617.97,10088.74,12002.32,9788.97,10135.50,9748.71
10476.94,10783.29,11457.45,9646.91,11124.36,7716.86,9956.67,8813.43,9306.81,10734.26,12542.12,11098.66,9054.50,11652.74,11337.62,8093.62,11087.82,9044.75,8674.37,10433.12,11947.04,7433.22,8325.67,10801.89,10616.57,10061.76,11997.37,9765.59,10112.69,9744.56
10454.44,10792.22,11444.45,9627.27,11146.03,7692.34,9955.43,8810.33,9286.86,10709.95,12528.45,11123.73,9038.50,11641.31,11322.25,8088.88,11048.23,9048.78,8669.85,10424.17,11945.65,7429.88,8317.89,10802.07,10577.49,10038.10,11991.52,9755.37,10096.44,9737.03
10463.76,10795.60,11450.91,9601.96,11110.13,7700.67,9958.92,8827.58,9276.98,10696.83,12542.05,11107.63,9036.95,11614.82,11285.58,8088.84,11031.46,9050.05,8675.50,10398.44,11948.23,7431.54,8291.14,10804.52,10574.77,10085.81,11982.25,9765.64,10074.99,9741.56
10466.21,10775.97,11433.20,9611.94,11107.77,7699.77,9952.15,8811.11,9261.66,10677.68,12587.88,11093.78,9035.99,11627.32,11283.12,8088.04,11033.78,9039.44,8648.67,10410.90,11934.33,7412.21,8324.66,10782.63,10581.05,10099.95,11982.95,9746.78,10095.52,9744.34
10461.95,10785.97,11399.15,9621.49,11114.38,7680.83,9935.05,8798.62,9265.46,10734.50,12492.48,11057.29,9031.52,11653.99,11311.70,8074.66,11056.79,9028.40,8636.83,10433.32,11940.67,7404.41,8323.64,10762.63,10584.34,10060.02,12002.07,9757.83,10124.35,9732.97
10434.98,10784.51,11411.77,9632.56,11102.89,7681.83,9931.45,8803.02,9269.78,10741.80,12444.31,11062.72,9029.57,11642.40,11314.78,8084.96,11034.23,9025.27,8648.91,10427.76,11937.50,7414.82,8292.71,10778.49,10578.10,10040.38,11997.18,9783.21,10110.25,9732.56
10453.91,10803.21,11409.53,9607.83,11120.84,7686.89,9957.28,8827.68,9267.81,10720.75,12477.69,11035.82,9031.24,11653.79,11303.08,8096.20,11017.41,9054.24,8648.59,10415.63,11948.20,7427.41,8317.86,10790.15,10554.59,10076.26,11984.13,9783.34,10109.32,9737.90
10454.69,10790.12,11436.42,9603.87,11110.76,7705.54,9992.86,8833.04,9277.26,10688.57,12560.74,11096.18,9045.27,11631.22,11280.09,8092.89,11034.28,9065.93,8669.78,10386.90,11938.42,7431.27,8316.59,10795.94,10574.50,10092.43,11965.16,9799.54,10070.63,9743.95
10475.62,10835.28,11442.69,9621.20,11136.89,7724.52,9970.22,8826.53,9286.96,10740.07,12411.85,10990.37,9052.12,11680.20,11265.12,8111.25,11019.58,9074.08,8657.13,10406.00,11965.89,7431.73,8329.93,10776.92,10612.53,10084.42,11975.42,9794.90,10084.17,9768.81
